entry_id,contest_id,contest_name,QB,RB,RB,WR,WR,WR,TE,FLEX,DEF,,Instructions,,,,,,,,,,,,,,
1785261843,37435-228248536,$3.5M NFL Sunday Million ($1M to 1st),37435-22015,37435-64401,37435-55050,37435-73048,37435-27050,37435-40669,37435-33557,37435-60735,37435-12543,,1) Edit your lineup by inserting any player from this list into their appropriate position columns,,,,,,,,,,,,,,
,,,,,,,,,,,,,2) You can paste either the Player ID + Name OR ID from their respective columns,,,,,,,,,,,,,,
,,,,,,,,,,,,,3) Any information to the right of the last position column will be ignored in the upload. Don't leave blank rows. Any entries after a blank row will not be edited,,,,,,,,,,,,,,
,,,,,,,,,,,,,4) You can not use this form to create new entries,,,,,,,,,,,,,,
,,,,,,,,,,,,,,,,,,,,,,,,,,,
,,,,,,,,,,,,,Player ID + Player Name,Id,Position,First Name,Nickname,Last Name,FPPG,Played,Salary,Game,Team,Opponent,Injury Indicator,Injury Details,Tier
,,,,,,,,,,,,,37435-64401:Saquon Barkley,37435-64401,RB,Saquon,Saquon Barkley,Barkley,21.26874924,16,9200,NYG@DAL,NYG,DAL,,,
,,,,,,,,,,,,,37435-38791:Ezekiel Elliott,37435-38791,RB,Ezekiel,Ezekiel Elliott,Elliott,19.37333374,15,9100,NYG@DAL,DAL,NYG,,,
,,,,,,,,,,,,,37435-55050:Christian McCaffrey,37435-55050,RB,Christian,Christian McCaffrey,McCaffrey,20.75,16,8900,LAR@CAR,CAR,LAR,,,
,,,,,,,,,,,,,37435-57439:Patrick Mahomes,37435-57439,QB,Patrick,Patrick Mahomes,Mahomes,26.81749916,16,8700,KC@JAC,KC,JAC,,,
,,,,,,,,,,,,,37435-14190:Julio Jones,37435-14190,WR,Julio,Julio Jones,Jones,16.83749962,16,8500,ATL@MIN,ATL,MIN,,,
,,,,,,,,,,,,,37435-21939:Andrew Luck,37435-21939,QB,Andrew,Andrew Luck,Luck,21.40125084,16,8300,IND@LAC,IND,LAC,O,Calf,
,,,,,,,,,,,,,37435-22015:Russell Wilson,37435-22015,QB,Russell,Russell Wilson,Wilson,19.12000084,16,8200,CIN@SEA,SEA,CIN,,,
,,,,,,,,,,,,,37435-31360:Odell Beckham Jr.,37435-31360,WR,Odell,Odell Beckham Jr.,Beckham Jr.,15.98666636,12,8200,TEN@CLE,CLE,TEN,,,
,,,,,,,,,,,,,37435-62497:David Johnson,37435-62497,RB,David,David Johnson,Johnson,13.85000038,16,8100,DET@ARI,ARI,DET,,,
,,,,,,,,,,,,,37435-28900:Melvin Gordon III,37435-28900,RB,Melvin,Melvin Gordon III,Gordon III,20.875,12,8000,IND@LAC,LAC,IND,O,Contract dispute,
,,,,,,,,,,,,,37435-6616:Matt Ryan,37435-6616,QB,Matt,Matt Ryan,Ryan,22.59124947,16,8000,ATL@MIN,ATL,MIN,,,
,,,,,,,,,,,,,37435-28181:Le'Veon Bell,37435-28181,RB,Le'Veon,Le'Veon Bell,Bell,0,0,7900,BUF@NYJ,NYJ,BUF,,,
,,,,,,,,,,,,,37435-41535:Baker Mayfield,37435-41535,QB,Baker,Baker Mayfield,Mayfield,18.15000044,14,7900,TEN@CLE,CLE,TEN,,,
,,,,,,,,,,,,,37435-32384:Mike Evans,37435-32384,WR,Mike,Mike Evans,Evans,15.46249962,16,7900,SF@TB,TB,SF,Q,Illness,
,,,,,,,,,,,,,37435-14185:Cam Newton,37435-14185,QB,Cam,Cam Newton,Newton,21.11428615,14,7900,LAR@CAR,CAR,LAR,,,
,,,,,,,,,,,,,37435-52442:Joe Mixon,37435-52442,RB,Joe,Joe Mixon,Mixon,15.84999956,14,7800,CIN@SEA,CIN,SEA,,,
,,,,,,,,,,,,,37435-33076:Travis Kelce,37435-33076,TE,Travis,Travis Kelce,Kelce,15.19375038,16,7800,KC@JAC,KC,JAC,,,
,,,,,,,,,,,,,37435-38435:Jared Goff,37435-38435,QB,Jared,Jared Goff,Goff,20.14500046,16,7800,LAR@CAR,LAR,CAR,,,
,,,,,,,,,,,,,37435-22031:T.Y. Hilton,37435-22031,WR,T.Y.,T.Y. Hilton,Hilton,14.35714286,14,7700,IND@LAC,IND,LAC,,,
,,,,,,,,,,,,,37435-29253:Keenan Allen,37435-29253,WR,Keenan,Keenan Allen,Allen,14.10666707,15,7700,IND@LAC,LAC,IND,,,
,,,,,,,,,,,,,37435-53681:Tyreek Hill,37435-53681,WR,Tyreek,Tyreek Hill,Hill,18.15625,16,7600,KC@JAC,KC,JAC,,,
,,,,,,,,,,,,,37435-70324:Carson Wentz,37435-70324,QB,Carson,Carson Wentz,Wentz,18.19636397,11,7600,WAS@PHI,PHI,WAS,,,
,,,,,,,,,,,,,37435-30447:Todd Gurley II,37435-30447,RB,Todd,Todd Gurley II,Gurley II,24.47142901,14,7600,LAR@CAR,LAR,CAR,,,
,,,,,,,,,,,,,37435-24849:Jameis Winston,37435-24849,QB,Jameis,Jameis Winston,Winston,19.07090898,11,7500,SF@TB,TB,SF,,,
,,,,,,,,,,,,,37435-31001:Amari Cooper,37435-31001,WR,Amari,Amari Cooper,Cooper,11.86666667,15,7500,NYG@DAL,DAL,NYG,,,
,,,,,,,,,,,,,37435-7968:Philip Rivers,37435-7968,QB,Philip,Philip Rivers,Rivers,18.56374931,16,7500,IND@LAC,LAC,IND,,,
,,,,,,,,,,,,,37435-31716:Dak Prescott,37435-31716,QB,Dak,Dak Prescott,Prescott,18.36874962,16,7500,NYG@DAL,DAL,NYG,,,
,,,,,,,,,,,,,37435-53562:Nick Chubb,37435-53562,RB,Nick,Nick Chubb,Chubb,11.53125,16,7400,TEN@CLE,CLE,TEN,,,
,,,,,,,,,,,,,37435-22038:Kirk Cousins,37435-22038,QB,Kirk,Kirk Cousins,Cousins,18.28874969,16,7400,ATL@MIN,MIN,ATL,,,
,,,,,,,,,,,,,37435-63115:Lamar Jackson,37435-63115,QB,Lamar,Lamar Jackson,Jackson,10.03374958,16,7400,BAL@MIA,BAL,MIA,,,
,,,,,,,,,,,,,37435-39716:Adam Thielen,37435-39716,WR,Adam,Adam Thielen,Thielen,15.67500019,16,7400,ATL@MIN,MIN,ATL,,,
,,,,,,,,,,,,,37435-54140:Dalvin Cook,37435-54140,RB,Dalvin,Dalvin Cook,Cook,12,11,7400,ATL@MIN,MIN,ATL,,,
,,,,,,,,,,,,,37435-39793:George Kittle,37435-39793,TE,George,George Kittle,Kittle,13.41874981,16,7300,SF@TB,SF,TB,,,
,,,,,,,,,,,,,37435-63484:Kyler Murray,37435-63484,QB,Kyler,Kyler Murray,Murray,0,0,7300,DET@ARI,ARI,DET,,,
,,,,,,,,,,,,,37435-54604:Jimmy Garoppolo,37435-54604,QB,Jimmy,Jimmy Garoppolo,Garoppolo,17.00666682,3,7200,SF@TB,SF,TB,,,
,,,,,,,,,,,,,37435-25079:Stefon Diggs,37435-25079,WR,Stefon,Stefon Diggs,Diggs,14.35333354,15,7200,ATL@MIN,MIN,ATL,Q,Hamstring,
,,,,,,,,,,,,,37435-52922:Leonard Fournette,37435-52922,RB,Leonard,Leonard Fournette,Fournette,13.67500019,8,7200,KC@JAC,JAC,KC,,,
,,,,,,,,,,,,,37435-29780:Zach Ertz,37435-29780,TE,Zach,Zach Ertz,Ertz,13.89375019,16,7100,WAS@PHI,PHI,WAS,,,
,,,,,,,,,,,,,37435-14187:A.J. Green,37435-14187,WR,A.J.,A.J. Green,Green,14.04444461,9,7100,CIN@SEA,CIN,SEA,O,Ankle,
,,,,,,,,,,,,,37435-63806:Kerryon Johnson,37435-63806,RB,Kerryon,Kerryon Johnson,Johnson,12.34000015,10,7000,DET@ARI,DET,ARI,,,
,,,,,,,,,,,,,37435-29501:Brandin Cooks,37435-29501,WR,Brandin,Brandin Cooks,Cooks,13.54666646,15,7000,LAR@CAR,LAR,CAR,,,
,,,,,,,,,,,,,37435-29685:Robert Woods,37435-29685,WR,Robert,Robert Woods,Woods,13.91250038,16,7000,LAR@CAR,LAR,CAR,,,
,,,,,,,,,,,,,37435-55635:Chris Godwin,37435-55635,WR,Chris,Chris Godwin,Godwin,9.731249809,16,6900,SF@TB,TB,SF,,,
,,,,,,,,,,,,,37435-57909:Marlon Mack,37435-57909,RB,Marlon,Marlon Mack,Mack,14.13333384,12,6900,IND@LAC,IND,LAC,,,
,,,,,,,,,,,,,37435-40669:Tyler Boyd,37435-40669,WR,Tyler,Tyler Boyd,Boyd,13.07857186,14,6900,CIN@SEA,CIN,SEA,,,
,,,,,,,,,,,,,37435-62239:Josh Allen,37435-62239,QB,Josh,Josh Allen,Allen,18.33833313,12,6900,BUF@NYJ,BUF,NYJ,,,
,,,,,,,,,,,,,37435-27441:Damien Williams,37435-27441,RB,Damien,Damien Williams,Williams,8.709999847,10,6900,KC@JAC,KC,JAC,,,
,,,,,,,,,,,,,37435-54244:Kenny Golladay,37435-54244,WR,Kenny,Kenny Golladay,Golladay,11.47333374,15,6900,DET@ARI,DET,ARI,,,
,,,,,,,,,,,,,37435-79970:Cooper Kupp,37435-79970,WR,Cooper,Cooper Kupp,Kupp,14.38749981,8,6800,LAR@CAR,LAR,CAR,,,
,,,,,,,,,,,,,37435-39280:Derrick Henry,37435-39280,RB,Derrick,Derrick Henry,Henry,12.11625004,16,6800,TEN@CLE,TEN,CLE,,,
,,,,,,,,,,,,,37435-27050:Tyler Lockett,37435-27050,WR,Tyler,Tyler Lockett,Lockett,12.11874962,16,6800,CIN@SEA,SEA,CIN,,,
,,,,,,,,,,,,,37435-63589:Sam Darnold,37435-63589,QB,Sam,Sam Darnold,Darnold,14.10769184,13,6700,BUF@NYJ,NYJ,BUF,,,
,,,,,,,,,,,,,37435-24920:Devonta Freeman,37435-24920,RB,Devonta,Devonta Freeman,Freeman,5.800000191,2,6700,ATL@MIN,ATL,MIN,,,
,,,,,,,,,,,,,37435-21980:Alshon Jeffery,37435-21980,WR,Alshon,Alshon Jeffery,Jeffery,11.75384639,13,6700,WAS@PHI,PHI,WAS,,,
,,,,,,,,,,,,,37435-6654:Matthew Stafford,37435-6654,QB,Matthew,Matthew Stafford,Stafford,13.94874954,16,6600,DET@ARI,DET,ARI,,,
,,,,,,,,,,,,,37435-64119:Chris Carson,37435-64119,RB,Chris,Chris Carson,Carson,13.67142814,14,6600,CIN@SEA,SEA,CIN,,,
,,,,,,,,,,,,,37435-14211:Mark Ingram II,37435-14211,RB,Mark,Mark Ingram II,Ingram II,11,12,6600,BAL@MIA,BAL,MIA,,,
,,,,,,,,,,,,,37435-64555:Calvin Ridley,37435-64555,WR,Calvin,Calvin Ridley,Ridley,10.92500019,16,6500,ATL@MIN,ATL,MIN,,,
,,,,,,,,,,,,,37435-39286:O.J. Howard,37435-39286,TE,O.J.,O.J. Howard,Howard,10.35,10,6500,SF@TB,TB,SF,,,
,,,,,,,,,,,,,37435-56698:Dante Pettis,37435-56698,WR,Dante,Dante Pettis,Pettis,7.5,12,6500,SF@TB,SF,TB,,,
,,,,,,,,,,,,,37435-22027:Nick Foles,37435-22027,QB,Nick,Nick Foles,Foles,15.94400024,5,6500,KC@JAC,JAC,KC,,,
,,,,,,,,,,,,,37435-29358:Marcus Mariota,37435-29358,QB,Marcus,Marcus Mariota,Mariota,13.10142844,14,6500,TEN@CLE,TEN,CLE,,,
,,,,,,,,,,,,,37435-14225:Andy Dalton,37435-14225,QB,Andy,Andy Dalton,Dalton,16.86727212,11,6500,CIN@SEA,CIN,SEA,,,
,,,,,,,,,,,,,37435-80001:Austin Ekeler,37435-80001,RB,Austin,Austin Ekeler,Ekeler,10.66428593,14,6400,IND@LAC,LAC,IND,,,
,,,,,,,,,,,,,37435-6826:Eli Manning,37435-6826,QB,Eli,Eli Manning,Manning,15.68500042,16,6400,NYG@DAL,NYG,DAL,,,
,,,,,,,,,,,,,37435-41872:Evan Engram,37435-41872,TE,Evan,Evan Engram,Engram,9.436363914,11,6400,NYG@DAL,NYG,DAL,,,
,,,,,,,,,,,,,37435-39829:Mike Williams,37435-39829,WR,Mike,Mike Williams,Williams,9.918749809,16,6400,IND@LAC,LAC,IND,,,
,,,,,,,,,,,,,37435-24641:Sammy Watkins,37435-24641,WR,Sammy,Sammy Watkins,Watkins,9.509999847,10,6300,KC@JAC,KC,JAC,,,
,,,,,,,,,,,,,37435-27776:Tevin Coleman,37435-27776,RB,Tevin,Tevin Coleman,Coleman,11.10000038,16,6300,SF@TB,SF,TB,,,
,,,,,,,,,,,,,37435-26251:Robby Anderson,37435-26251,WR,Robby,Robby Anderson,Anderson,9.38571385,14,6300,BUF@NYJ,NYJ,BUF,Q,Calf,
,,,,,,,,,,,,,37435-31394:Jarvis Landry,37435-31394,WR,Jarvis,Jarvis Landry,Landry,11.03874969,16,6300,TEN@CLE,CLE,TEN,,,
,,,,,,,,,,,,,37435-45439:Corey Davis,37435-45439,WR,Corey,Corey Davis,Davis,9.443750381,16,6200,TEN@CLE,TEN,CLE,,,
,,,,,,,,,,,,,37435-22994:Case Keenum,37435-22994,QB,Case,Case Keenum,Keenum,14.36874962,16,6200,WAS@PHI,WAS,PHI,,,
,,,,,,,,,,,,,37435-73183:Dwayne Haskins Jr.,37435-73183,QB,Dwayne,Dwayne Haskins Jr.,Haskins Jr.,0,0,6200,WAS@PHI,WAS,PHI,,,
,,,,,,,,,,,,,37435-7659:Ryan Fitzpatrick,37435-7659,QB,Ryan,Ryan Fitzpatrick,Fitzpatrick,22.22999954,8,6200,BAL@MIA,MIA,BAL,,,
,,,,,,,,,,,,,37435-63043:DJ Moore,37435-63043,WR,DJ,DJ Moore,Moore,8.09375,16,6200,LAR@CAR,CAR,LAR,,,
,,,,,,,,,,,,,37435-62364:Josh Rosen,37435-62364,QB,Josh,Josh Rosen,Rosen,9.065714155,14,6200,BAL@MIA,MIA,BAL,,,
,,,,,,,,,,,,,37435-22103:Marvin Jones Jr.,37435-22103,WR,Marvin,Marvin Jones Jr.,Jones Jr.,10.92222256,9,6100,DET@ARI,DET,ARI,,,
,,,,,,,,,,,,,37435-40845:Hunter Henry,37435-40845,TE,Hunter,Hunter Henry,Henry,0,0,6100,IND@LAC,LAC,IND,,,
,,,,,,,,,,,,,37435-24607:Chad Kelly,37435-24607,QB,Chad,Chad Kelly,Kelly,-0.100000001,1,6000,IND@LAC,IND,LAC,O,Suspension,
,,,,,,,,,,,,,37435-63519:Daniel Jones,37435-63519,QB,Daniel,Daniel Jones,Jones,0,0,6000,NYG@DAL,NYG,DAL,,,
,,,,,,,,,,,,,37435-14377:Tyrod Taylor,37435-14377,QB,Tyrod,Tyrod Taylor,Taylor,10.85499954,4,6000,IND@LAC,LAC,IND,,,
,,,,,,,,,,,,,37435-53331:Taylor Heinicke,37435-53331,QB,Taylor,Taylor Heinicke,Heinicke,3.379999924,5,6000,LAR@CAR,CAR,LAR,,,
,,,,,,,,,,,,,37435-57433:Vincent Testaverde,37435-57433,QB,Vincent,Vincent Testaverde,Testaverde,0,0,6000,SF@TB,TB,SF,,,
,,,,,,,,,,,,,37435-52342:Will Grier,37435-52342,QB,Will,Will Grier,Grier,0,0,6000,LAR@CAR,CAR,LAR,,,
,,,,,,,,,,,,,37435-39034:Kurt Benkert,37435-39034,QB,Kurt,Kurt Benkert,Benkert,0,0,6000,ATL@MIN,ATL,MIN,IR,Toe,
,,,,,,,,,,,,,37435-63611:Kyle Shurmur,37435-63611,QB,Kyle,Kyle Shurmur,Shurmur,0,0,6000,KC@JAC,KC,JAC,,,
,,,,,,,,,,,,,37435-83079:Kyle Lauletta,37435-83079,QB,Kyle,Kyle Lauletta,Lauletta,-1.200000048,1,6000,WAS@PHI,PHI,WAS,,,
,,,,,,,,,,,,,37435-27801:Nate Sudfeld,37435-27801,QB,Nate,Nate Sudfeld,Sudfeld,2.339999914,2,6000,WAS@PHI,PHI,WAS,O,Wrist,
,,,,,,,,,,,,,37435-71845:Miles Sanders,37435-71845,RB,Miles,Miles Sanders,Sanders,0,0,6000,WAS@PHI,PHI,WAS,,,
,,,,,,,,,,,,,37435-53416:Wilton Speight,37435-53416,QB,Wilton,Wilton Speight,Speight,0,0,6000,SF@TB,SF,TB,,,
,,,,,,,,,,,,,37435-83130:Chad Kanoff,37435-83130,QB,Chad,Chad Kanoff,Kanoff,0,0,6000,DET@ARI,DET,ARI,,,
,,,,,,,,,,,,,37435-45259:Logan Woodside,37435-45259,QB,Logan,Logan Woodside,Woodside,0,0,6000,TEN@CLE,TEN,CLE,,,
,,,,,,,,,,,,,37435-29915:Brett Hundley,37435-29915,QB,Brett,Brett Hundley,Hundley,0,0,6000,DET@ARI,ARI,DET,,,
,,,,,,,,,,,,,37435-11485:Golden Tate,37435-11485,WR,Golden,Golden Tate,Tate,9.72666626,15,6000,NYG@DAL,NYG,DAL,O,Suspension,
,,,,,,,,,,,,,37435-11500:Colt McCoy,37435-11500,QB,Colt,Colt McCoy,McCoy,10.0600001,3,6000,WAS@PHI,WAS,PHI,O,Lower leg,
,,,,,,,,,,,,,37435-72957:Drew Anderson,37435-72957,QB,Drew,Drew Anderson,Anderson,0,0,6000,DET@ARI,ARI,DET,,,
,,,,,,,,,,,,,37435-39179:Tanner Lee,37435-39179,QB,Tanner,Tanner Lee,Lee,0,0,6000,KC@JAC,JAC,KC,,,
,,,,,,,,,,,,,37435-30989:Kenyan Drake,37435-30989,RB,Kenyan,Kenyan Drake,Drake,11.23124981,16,6000,BAL@MIA,MIA,BAL,,,
,,,,,,,,,,,,,37435-27982:Jake Rudock,37435-27982,QB,Jake,Jake Rudock,Rudock,0,0,6000,BAL@MIA,MIA,BAL,,,
,,,,,,,,,,,,,37435-27986:C.J. Beathard,37435-27986,QB,C.J.,C.J. Beathard,Beathard,16.39600067,5,6000,SF@TB,SF,TB,,,
,,,,,,,,,,,,,37435-53604:Nick Fitzgerald,37435-53604,QB,Nick,Nick Fitzgerald,Fitzgerald,0,0,6000,SF@TB,TB,SF,,,
,,,,,,,,,,,,,37435-61798:Gardner Minshew II,37435-61798,QB,Gardner,Gardner Minshew II,Minshew II,0,0,6000,KC@JAC,JAC,KC,,,
,,,,,,,,,,,,,37435-63851:Tyree Jackson,37435-63851,QB,Tyree,Tyree Jackson,Jackson,0,0,6000,BUF@NYJ,BUF,NYJ,,,
,,,,,,,,,,,,,37435-25969:Tom Savage,37435-25969,QB,Tom,Tom Savage,Savage,0,0,6000,DET@ARI,DET,ARI,,,
,,,,,,,,,,,,,37435-52606:David Blough,37435-52606,QB,David,David Blough,Blough,0,0,6000,DET@ARI,DET,ARI,,,
,,,,,,,,,,,,,37435-103824:Easton Stick,37435-103824,QB,Easton,Easton Stick,Stick,0,0,6000,IND@LAC,LAC,IND,,,
,,,,,,,,,,,,,37435-32158:Garrett Gilbert,37435-32158,QB,Garrett,Garrett Gilbert,Gilbert,1.600000024,1,6000,TEN@CLE,CLE,TEN,,,
,,,,,,,,,,,,,37435-60840:Jake Browning,37435-60840,QB,Jake,Jake Browning,Browning,0,0,6000,ATL@MIN,MIN,ATL,,,
,,,,,,,,,,,,,37435-21941:Robert Griffin III,37435-21941,QB,Robert,Robert Griffin III,Griffin III,0.419999987,2,6000,BAL@MIA,BAL,MIA,,,
,,,,,,,,,,,,,37435-60858:Christian Kirk,37435-60858,WR,Christian,Christian Kirk,Kirk,8.5,12,6000,DET@ARI,ARI,DET,,,
,,,,,,,,,,,,,37435-21948:Ryan Tannehill,37435-21948,QB,Ryan,Ryan Tannehill,Tannehill,13.76909152,11,6000,TEN@CLE,TEN,CLE,,,
,,,,,,,,,,,,,37435-34308:Blake Bortles,37435-34308,QB,Blake,Blake Bortles,Bortles,14.17076932,13,6000,LAR@CAR,LAR,CAR,,,
,,,,,,,,,,,,,37435-6679:Matt Schaub,37435-6679,QB,Matt,Matt Schaub,Schaub,0.300000012,2,6000,ATL@MIN,ATL,MIN,,,
,,,,,,,,,,,,,37435-30231:Jacoby Brissett,37435-30231,QB,Jacoby,Jacoby Brissett,Brissett,-0.155000001,4,6000,IND@LAC,IND,LAC,,,
,,,,,,,,,,,,,37435-23075:Alex Tanney,37435-23075,QB,Alex,Alex Tanney,Tanney,0,0,6000,NYG@DAL,NYG,DAL,,,
,,,,,,,,,,,,,37435-30253:Jeff Driskel,37435-30253,QB,Jeff,Jeff Driskel,Driskel,10.89000034,8,6000,CIN@SEA,CIN,SEA,IR,Hamstring,
,,,,,,,,,,,,,37435-7744:Drew Stanton,37435-7744,QB,Drew,Drew Stanton,Stanton,0,0,6000,TEN@CLE,CLE,TEN,,,
,,,,,,,,,,,,,37435-104021:Taryn Christion,37435-104021,QB,Taryn,Taryn Christion,Christion,0,0,6000,NYG@DAL,DAL,NYG,,,
,,,,,,,,,,,,,37435-40534:Mike White,37435-40534,QB,Mike,Mike White,White,0,0,6000,NYG@DAL,DAL,NYG,,,
,,,,,,,,,,,,,37435-104025:John Lovett,37435-104025,QB,John,John Lovett,Lovett,0,0,6000,KC@JAC,KC,JAC,IR,Shoulder,
,,,,,,,,,,,,,37435-41562:Nick Mullens,37435-41562,QB,Nick,Nick Mullens,Mullens,16.68499947,8,6000,SF@TB,SF,TB,,,
,,,,,,,,,,,,,37435-7844:Chad Henne,37435-7844,QB,Chad,Chad Henne,Henne,1.460000038,1,6000,KC@JAC,KC,JAC,IR,Ankle,
,,,,,,,,,,,,,37435-44715:Cooper Rush,37435-44715,QB,Cooper,Cooper Rush,Rush,0,0,6000,NYG@DAL,DAL,NYG,,,
,,,,,,,,,,,,,37435-62133:Chase Litton,37435-62133,QB,Chase,Chase Litton,Litton,0,0,6000,KC@JAC,JAC,KC,,,
,,,,,,,,,,,,,37435-33463:Paxton Lynch,37435-33463,QB,Paxton,Paxton Lynch,Lynch,0,0,6000,CIN@SEA,SEA,CIN,,,
,,,,,,,,,,,,,37435-29445:Sean Mannion,37435-29445,QB,Sean,Sean Mannion,Mannion,0.006666667,3,6000,ATL@MIN,MIN,ATL,,,
,,,,,,,,,,,,,37435-28434:Trevor Siemian,37435-28434,QB,Trevor,Trevor Siemian,Siemian,0,0,6000,BUF@NYJ,NYJ,BUF,,,
,,,,,,,,,,,,,37435-46866:Ryan Finley,37435-46866,QB,Ryan,Ryan Finley,Finley,0,0,6000,CIN@SEA,CIN,SEA,,,
,,,,,,,,,,,,,37435-70464:Josh Woodrum,37435-70464,QB,Josh,Josh Woodrum,Woodrum,0,0,6000,WAS@PHI,WAS,PHI,IR,Pectoral,
,,,,,,,,,,,,,37435-27477:Sterling Shepard,37435-27477,WR,Sterling,Sterling Shepard,Shepard,9.34375,16,6000,NYG@DAL,NYG,DAL,,,
,,,,,,,,,,,,,37435-104281:Jake Dolegala,37435-104281,QB,Jake,Jake Dolegala,Dolegala,0,0,6000,CIN@SEA,CIN,SEA,,,
,,,,,,,,,,,,,37435-28515:Cardale Jones,37435-28515,QB,Cardale,Cardale Jones,Jones,0,0,6000,IND@LAC,LAC,IND,,,
,,,,,,,,,,,,,37435-41827:Phillip Walker,37435-41827,QB,Phillip,Phillip Walker,Walker,0,0,6000,IND@LAC,IND,LAC,,,
,,,,,,,,,,,,,37435-53095:Kyle Allen,37435-53095,QB,Kyle,Kyle Allen,Allen,13.27000046,2,6000,LAR@CAR,CAR,LAR,,,
,,,,,,,,,,,,,37435-55148:Clayton Thorson,37435-55148,QB,Clayton,Clayton Thorson,Thorson,0,0,6000,NYG@DAL,DAL,NYG,,,
,,,,,,,,,,,,,37435-33647:Kyle Sloter,37435-33647,QB,Kyle,Kyle Sloter,Sloter,0,0,6000,DET@ARI,ARI,DET,,,
,,,,,,,,,,,,,37435-14194:Blaine Gabbert,37435-14194,QB,Blaine,Blaine Gabbert,Gabbert,4.630000114,8,6000,SF@TB,TB,SF,O,Shoulder,
,,,,,,,,,,,,,37435-26483:Geno Smith,37435-26483,QB,Geno,Geno Smith,Smith,-0.370000005,4,6000,CIN@SEA,SEA,CIN,,,
,,,,,,,,,,,,,37435-39795:Davis Webb,37435-39795,QB,Davis,Davis Webb,Webb,0,0,6000,BUF@NYJ,BUF,NYJ,,,
,,,,,,,,,,,,,37435-56192:John Wolford,37435-56192,QB,John,John Wolford,Wolford,0,0,6000,LAR@CAR,LAR,CAR,,,
,,,,,,,,,,,,,37435-29587:Cody Kessler,37435-29587,QB,Cody,Cody Kessler,Kessler,8.131999969,5,6000,WAS@PHI,PHI,WAS,,,
,,,,,,,,,,,,,37435-29605:Matt Barkley,37435-29605,QB,Matt,Matt Barkley,Barkley,17.07999992,1,6000,BUF@NYJ,BUF,NYJ,,,
,,,,,,,,,,,,,37435-33702:Ryan Griffin,37435-33702,QB,Ryan,Ryan Griffin,Griffin,0,0,6000,SF@TB,TB,SF,,,
,,,,,,,,,,,,,37435-43956:David Fales,37435-43956,QB,David,David Fales,Fales,0,0,6000,DET@ARI,DET,ARI,,,
,,,,,,,,,,,,,37435-56286:Trace McSorley,37435-56286,QB,Trace,Trace McSorley,McSorley,0,0,6000,BAL@MIA,BAL,MIA,,,
,,,,,,,,,,,,,37435-41966:Luke Falk,37435-41966,QB,Luke,Luke Falk,Falk,0,0,6000,BUF@NYJ,NYJ,BUF,,,
,,,,,,,,,,,,,37435-60735:Derrius Guice,37435-60735,RB,Derrius,Derrius Guice,Guice,0,0,5900,WAS@PHI,WAS,PHI,,,
,,,,,,,,,,,,,37435-52613:Curtis Samuel,37435-52613,WR,Curtis,Curtis Samuel,Samuel,9.023077158,13,5900,LAR@CAR,CAR,LAR,,,
,,,,,,,,,,,,,37435-60910:Dede Westbrook,37435-60910,WR,Dede,Dede Westbrook,Westbrook,9.15625,16,5900,KC@JAC,JAC,KC,,,
,,,,,,,,,,,,,37435-57840:Rashaad Penny,37435-57840,RB,Rashaad,Rashaad Penny,Penny,5.069230887,13,5900,CIN@SEA,SEA,CIN,,,
,,,,,,,,,,,,,37435-25272:Eric Ebron,37435-25272,TE,Eric,Eric Ebron,Ebron,11.82499981,16,5900,IND@LAC,IND,LAC,,,
,,,,,,,,,,,,,37435-6883:Larry Fitzgerald,37435-6883,WR,Larry,Larry Fitzgerald,Fitzgerald,9.448749542,16,5900,DET@ARI,ARI,DET,,,
,,,,,,,,,,,,,37435-55165:Justin Jackson,37435-55165,RB,Justin,Justin Jackson,Jackson,6.699999809,8,5900,IND@LAC,LAC,IND,,,
,,,,,,,,,,,,,37435-55335:David Njoku,37435-55335,TE,David,David Njoku,Njoku,7.726666768,15,5800,TEN@CLE,CLE,TEN,,,
,,,,,,,,,,,,,37435-42142:Jordan Howard,37435-42142,RB,Jordan,Jordan Howard,Howard,10.625,16,5800,WAS@PHI,PHI,WAS,,,
,,,,,,,,,,,,,37435-6779:LeSean McCoy,37435-6779,RB,LeSean,LeSean McCoy,McCoy,7.871428353,14,5800,KC@JAC,KC,JAC,,,
,,,,,,,,,,,,,37435-42107:Robert Foster,37435-42107,WR,Robert,Robert Foster,Foster,7.781818043,11,5700,BUF@NYJ,BUF,NYJ,,,
,,,,,,,,,,,,,37435-52371:Kalen Ballage,37435-52371,RB,Kalen,Kalen Ballage,Ballage,3.018181888,11,5700,BAL@MIA,MIA,BAL,,,
,,,,,,,,,,,,,37435-54608:Jerick McKinnon,37435-54608,RB,Jerick,Jerick McKinnon,McKinnon,0,0,5700,SF@TB,SF,TB,IR,Knee - acl,
,,,,,,,,,,,,,37435-14339:Dion Lewis,37435-14339,RB,Dion,Dion Lewis,Lewis,8.199999809,16,5600,TEN@CLE,TEN,CLE,,,
,,,,,,,,,,,,,37435-63591:Ronald Jones II,37435-63591,RB,Ronald,Ronald Jones II,Jones II,2.866666794,6,5600,SF@TB,TB,SF,,,
,,,,,,,,,,,,,37435-69956:Michael Gallup,37435-69956,WR,Michael,Michael Gallup,Gallup,5.41333313,15,5600,NYG@DAL,DAL,NYG,,,
,,,,,,,,,,,,,37435-28080:Devin Funchess,37435-28080,WR,Devin,Devin Funchess,Funchess,7.207142966,14,5600,IND@LAC,IND,LAC,,,
,,,,,,,,,,,,,37435-6703:Adrian Peterson,37435-6703,RB,Adrian,Adrian Peterson,Peterson,11.1875,16,5600,WAS@PHI,WAS,PHI,,,
,,,,,,,,,,,,,37435-6739:DeSean Jackson,37435-6739,WR,DeSean,DeSean Jackson,Jackson,10.90000025,12,5600,WAS@PHI,PHI,WAS,,,
,,,,,,,,,,,,,37435-27771:Cody Latimer,37435-27771,WR,Cody,Cody Latimer,Latimer,5.083333333,6,5500,NYG@DAL,NYG,DAL,,,
,,,,,,,,,,,,,37435-40126:Austin Hooper,37435-40126,TE,Austin,Austin Hooper,Hooper,7.96875,16,5500,ATL@MIN,ATL,MIN,,,
,,,,,,,,,,,,,37435-54606:John Brown,37435-54606,WR,John,John Brown,Brown,7.681250095,16,5500,BUF@NYJ,BUF,NYJ,,,
,,,,,,,,,,,,,37435-73048:DK Metcalf,37435-73048,WR,DK,DK Metcalf,Metcalf,0,0,5500,CIN@SEA,SEA,CIN,,,
,,,,,,,,,,,,,37435-40857:Peyton Barber,37435-40857,RB,Peyton,Peyton Barber,Barber,8.768750191,16,5500,SF@TB,TB,SF,,,
,,,,,,,,,,,,,37435-53303:Matt Breida,37435-53303,RB,Matt,Matt Breida,Breida,10.64285714,14,5400,SF@TB,SF,TB,,,
,,,,,,,,,,,,,37435-24755:Jamison Crowder,37435-24755,WR,Jamison,Jamison Crowder,Crowder,7.588889228,9,5400,BUF@NYJ,NYJ,BUF,,,
,,,,,,,,,,,,,37435-52436:Mark Andrews,37435-52436,TE,Mark,Mark Andrews,Andrews,5.637499809,16,5400,BAL@MIA,BAL,MIA,,,
,,,,,,,,,,,,,37435-55689:Ito Smith,37435-55689,RB,Ito,Ito Smith,Smith,6.476922842,13,5400,ATL@MIN,ATL,MIN,,,
,,,,,,,,,,,,,37435-32243:Marquise Goodwin,37435-32243,WR,Marquise,Marquise Goodwin,Goodwin,6.900000139,11,5400,SF@TB,SF,TB,,,
,,,,,,,,,,,,,37435-41475:John Ross III,37435-41475,WR,John,John Ross III,Ross III,5.72307704,13,5400,CIN@SEA,CIN,SEA,,,
,,,,,,,,,,,,,37435-70157:Darrell Henderson Jr.,37435-70157,RB,Darrell,Darrell Henderson Jr.,Henderson Jr.,0,0,5400,LAR@CAR,LAR,CAR,,,
,,,,,,,,,,,,,37435-22113:Alfred Morris,37435-22113,RB,Alfred,Alfred Morris,Morris,5.827272589,11,5400,NYG@DAL,DAL,NYG,,,
,,,,,,,,,,,,,37435-6863:Delanie Walker,37435-6863,TE,Delanie,Delanie Walker,Walker,7.199999809,1,5400,TEN@CLE,TEN,CLE,,,
,,,,,,,,,,,,,37435-39859:Jack Doyle,37435-39859,TE,Jack,Jack Doyle,Doyle,7.916666667,6,5400,IND@LAC,IND,LAC,,,
,,,,,,,,,,,,,37435-63625:Nyheim Hines,37435-63625,RB,Nyheim,Nyheim Hines,Hines,8.087499619,16,5300,IND@LAC,IND,LAC,,,
,,,,,,,,,,,,,37435-33260:DeVante Parker,37435-33260,WR,DeVante,DeVante Parker,Parker,4.445454684,11,5300,BAL@MIA,MIA,BAL,,,
,,,,,,,,,,,,,37435-22018:Mohamed Sanu,37435-22018,WR,Mohamed,Mohamed Sanu,Sanu,9.337499619,16,5300,ATL@MIN,ATL,MIN,,,
,,,,,,,,,,,,,37435-29249:C.J. Anderson,37435-29249,RB,C.J.,C.J. Anderson,Anderson,7.211111281,9,5300,DET@ARI,DET,ARI,,,
,,,,,,,,,,,,,37435-30298:Jordan Reed,37435-30298,TE,Jordan,Jordan Reed,Reed,7.138461773,13,5300,WAS@PHI,WAS,PHI,Q,Concussion,
,,,,,,,,,,,,,37435-70603:Devin Singletary,37435-70603,RB,Devin,Devin Singletary,Singletary,0,0,5300,BUF@NYJ,BUF,NYJ,,,
,,,,,,,,,,,,,37435-24671:Adam Humphries,37435-24671,WR,Adam,Adam Humphries,Humphries,9.418749809,16,5200,TEN@CLE,TEN,CLE,,,
,,,,,,,,,,,,,37435-79987:David Moore,37435-79987,WR,David,David Moore,Moore,6.285714286,14,5200,CIN@SEA,SEA,CIN,O,Shoulder,
,,,,,,,,,,,,,37435-63759:Tony Pollard,37435-63759,RB,Tony,Tony Pollard,Pollard,0,0,5200,NYG@DAL,DAL,NYG,,,
,,,,,,,,,,,,,37435-27266:Quincy Enunwa,37435-27266,WR,Quincy,Quincy Enunwa,Enunwa,6.172727411,11,5200,BUF@NYJ,NYJ,BUF,,,
,,,,,,,,,,,,,37435-25290:Giovani Bernard,37435-25290,RB,Giovani,Giovani Bernard,Bernard,6.53333346,12,5200,CIN@SEA,CIN,SEA,,,
,,,,,,,,,,,,,37435-56018:Deebo Samuel,37435-56018,WR,Deebo,Deebo Samuel,Samuel,0,0,5200,SF@TB,SF,TB,,,
,,,,,,,,,,,,,37435-6914:Greg Olsen,37435-6914,TE,Greg,Greg Olsen,Olsen,7.39999983,9,5200,LAR@CAR,CAR,LAR,,,
,,,,,,,,,,,,,37435-33552:TJ Jones,37435-33552,WR,TJ,TJ Jones,Jones,3.375,12,5200,NYG@DAL,NYG,DAL,,,
,,,,,,,,,,,,,37435-33557:Tyler Eifert,37435-33557,TE,Tyler,Tyler Eifert,Eifert,7.849999905,4,5200,CIN@SEA,CIN,SEA,,,
,,,,,,,,,,,,,37435-83081:Chase Edmonds,37435-83081,RB,Chase,Chase Edmonds,Edmonds,3.318749905,16,5100,DET@ARI,ARI,DET,,,
,,,,,,,,,,,,,37435-72846:A.J. Brown,37435-72846,WR,A.J.,A.J. Brown,Brown,0,0,5100,TEN@CLE,TEN,CLE,,,
,,,,,,,,,,,,,37435-33047:Chris Moore,37435-33047,WR,Chris,Chris Moore,Moore,2.453333282,15,5100,BAL@MIA,BAL,MIA,,,
,,,,,,,,,,,,,37435-24891:Chris Thompson,37435-24891,RB,Chris,Chris Thompson,Thompson,7.109999847,10,5100,WAS@PHI,WAS,PHI,,,
,,,,,,,,,,,,,37435-71352:Mecole Hardman,37435-71352,WR,Mecole,Mecole Hardman,Hardman,0,0,5100,KC@JAC,KC,JAC,,,
,,,,,,,,,,,,,37435-44784:Darius Jackson,37435-44784,RB,Darius,Darius Jackson,Jackson,0.800000012,2,5100,NYG@DAL,DAL,NYG,,,
,,,,,,,,,,,,,37435-63360:Antonio Callaway,37435-63360,WR,Antonio,Antonio Callaway,Callaway,6.925000191,16,5100,TEN@CLE,CLE,TEN,O,Suspension,
,,,,,,,,,,,,,37435-14237:Kyle Rudolph,37435-14237,TE,Kyle,Kyle Rudolph,Rudolph,7.462500095,16,5100,ATL@MIN,MIN,ATL,,,
,,,,,,,,,,,,,37435-83074:Dallas Goedert,37435-83074,TE,Dallas,Dallas Goedert,Goedert,5.278571538,14,5000,WAS@PHI,PHI,WAS,,,
,,,,,,,,,,,,,37435-48344:Albert Wilson,37435-48344,WR,Albert,Albert Wilson,Wilson,11.96857125,7,5000,BAL@MIA,MIA,BAL,Q,Hip,
,,,,,,,,,,,,,37435-12555:Baltimore Ravens,37435-12555,D,Baltimore,Baltimore Ravens,Ravens,8.25,16,5000,BAL@MIA,BAL,MIA,,,
,,,,,,,,,,,,,37435-41305:Zay Jones,37435-41305,WR,Zay,Zay Jones,Jones,8.574999809,16,5000,BUF@NYJ,BUF,NYJ,,,
,,,,,,,,,,,,,37435-86687:Marquise Brown,37435-86687,WR,Marquise,Marquise Brown,Brown,0,0,5000,BAL@MIA,BAL,MIA,Q,Foot,
,,,,,,,,,,,,,37435-32564:Josh Doctson,37435-32564,WR,Josh,Josh Doctson,Doctson,5.81333313,15,5000,ATL@MIN,MIN,ATL,,,
,,,,,,,,,,,,,37435-71521:Justice Hill,37435-71521,RB,Justice,Justice Hill,Hill,0,0,5000,BAL@MIA,BAL,MIA,,,
,,,,,,,,,,,,,37435-29593:Marqise Lee,37435-29593,WR,Marqise,Marqise Lee,Lee,0,0,5000,KC@JAC,JAC,KC,,,
,,,,,,,,,,,,,37435-14257:Randall Cobb,37435-14257,WR,Randall,Randall Cobb,Cobb,7.477778117,9,5000,NYG@DAL,DAL,NYG,,,
,,,,,,,,,,,,,37435-56262:Parris Campbell,37435-56262,WR,Parris,Parris Campbell,Campbell,0,0,5000,IND@LAC,IND,LAC,,,
,,,,,,,,,,,,,37435-29683:Nelson Agholor,37435-29683,WR,Nelson,Nelson Agholor,Agholor,8.337499619,16,5000,WAS@PHI,PHI,WAS,,,
,,,,,,,,,,,,,37435-71706:T.J. Hockenson,37435-71706,TE,T.J.,T.J. Hockenson,Hockenson,0,0,4900,DET@ARI,DET,ARI,,,
,,,,,,,,,,,,,37435-29734:Ty Montgomery,37435-29734,RB,Ty,Ty Montgomery,Montgomery,4.523076864,13,4900,BUF@NYJ,NYJ,BUF,,,
,,,,,,,,,,,,,37435-72776:Alexander Mattison,37435-72776,RB,Alexander,Alexander Mattison,Mattison,0,0,4900,ATL@MIN,MIN,ATL,,,
,,,,,,,,,,,,,37435-32234:Malcolm Brown,37435-32234,RB,Malcolm,Malcolm Brown,Brown,3.690000153,10,4900,LAR@CAR,LAR,CAR,,,
,,,,,,,,,,,,,37435-22035:Travis Benjamin,37435-22035,WR,Travis,Travis Benjamin,Benjamin,2.89166673,12,4900,IND@LAC,LAC,IND,,,
,,,,,,,,,,,,,37435-52902:Trey Quinn,37435-52902,WR,Trey,Trey Quinn,Quinn,6,3,4900,WAS@PHI,WAS,PHI,,,
,,,,,,,,,,,,,37435-52917:DJ Chark Jr.,37435-52917,WR,DJ,DJ Chark Jr.,Chark Jr.,2.239999962,10,4900,KC@JAC,JAC,KC,,,
,,,,,,,,,,,,,37435-6840:Frank Gore,37435-6840,RB,Frank,Frank Gore,Gore,6.899999891,14,4900,BUF@NYJ,BUF,NYJ,,,
,,,,,,,,,,,,,37435-53097:Josh Reynolds,37435-53097,WR,Josh,Josh Reynolds,Reynolds,7.125,12,4900,LAR@CAR,LAR,CAR,,,
,,,,,,,,,,,,,37435-57208:KeeSean Johnson,37435-57208,WR,KeeSean,KeeSean Johnson,Johnson,0,0,4900,DET@ARI,ARI,DET,,,
,,,,,,,,,,,,,37435-8117:Danny Amendola,37435-8117,WR,Danny,Danny Amendola,Amendola,6.527999878,15,4900,DET@ARI,DET,ARI,,,
,,,,,,,,,,,,,37435-56265:Mike Gesicki,37435-56265,TE,Mike,Mike Gesicki,Gesicki,2.08571434,14,4900,BAL@MIA,MIA,BAL,,,
,,,,,,,,,,,,,37435-57299:Gerald Everett,37435-57299,TE,Gerald,Gerald Everett,Everett,4.673333232,15,4900,LAR@CAR,LAR,CAR,,,
,,,,,,,,,,,,,37435-26610:Paul Richardson Jr.,37435-26610,WR,Paul,Paul Richardson Jr.,Richardson Jr.,7.014285496,7,4900,WAS@PHI,WAS,PHI,,,
,,,,,,,,,,,,,37435-40167:Gus Edwards,37435-40167,RB,Gus,Gus Edwards,Edwards,8.07272755,11,4800,BAL@MIA,BAL,MIA,,,
,,,,,,,,,,,,,37435-38264:Demarcus Robinson,37435-38264,WR,Demarcus,Demarcus Robinson,Robinson,4.557142803,14,4800,KC@JAC,KC,JAC,,,
,,,,,,,,,,,,,37435-64907:JJ Arcega-Whiteside,37435-64907,WR,JJ,JJ Arcega-Whiteside,Arcega-Whiteside,0,0,4800,WAS@PHI,PHI,WAS,,,
,,,,,,,,,,,,,37435-44449:Willie Snead IV,37435-44449,WR,Willie,Willie Snead IV,Snead IV,7.385714395,14,4800,BAL@MIA,BAL,MIA,,,
,,,,,,,,,,,,,37435-34295:Breshad Perriman,37435-34295,WR,Breshad,Breshad Perriman,Perriman,5.420000076,10,4800,SF@TB,TB,SF,,,
,,,,,,,,,,,,,37435-54782:Cameron Brate,37435-54782,TE,Cameron,Cameron Brate,Brate,5.193333435,15,4800,SF@TB,TB,SF,,,
,,,,,,,,,,,,,37435-52808:Dontrell Hilliard,37435-52808,RB,Dontrell,Dontrell Hilliard,Hilliard,1.4,10,4800,TEN@CLE,CLE,TEN,,,
,,,,,,,,,,,,,37435-52897:Darrel Williams,37435-52897,RB,Darrel,Darrel Williams,Williams,4.866666794,3,4800,KC@JAC,KC,JAC,,,
,,,,,,,,,,,,,37435-22288:Cole Beasley,37435-22288,WR,Cole,Cole Beasley,Beasley,7.356249809,16,4800,BUF@NYJ,BUF,NYJ,,,
,,,,,,,,,,,,,37435-31524:Cody Core,37435-31524,WR,Cody,Cody Core,Core,3.05,10,4800,NYG@DAL,NYG,DAL,,,
,,,,,,,,,,,,,37435-43912:Chad Beebe,37435-43912,WR,Chad,Chad Beebe,Beebe,2.950000048,2,4800,ATL@MIN,MIN,ATL,,,
,,,,,,,,,,,,,37435-28570:Nick Vannett,37435-28570,TE,Nick,Nick Vannett,Vannett,3.960000102,15,4800,CIN@SEA,SEA,CIN,,,
,,,,,,,,,,,,,37435-40977:Ricky Seals-Jones,37435-40977,TE,Ricky,Ricky Seals-Jones,Seals-Jones,3.819999949,15,4700,TEN@CLE,CLE,TEN,,,
,,,,,,,,,,,,,37435-55366:Qadree Ollison,37435-55366,RB,Qadree,Qadree Ollison,Ollison,0,0,4700,ATL@MIN,ATL,MIN,,,
,,,,,,,,,,,,,37435-79998:Keelan Cole,37435-79998,WR,Keelan,Keelan Cole,Cole,5.392307575,13,4700,KC@JAC,JAC,KC,,,
,,,,,,,,,,,,,37435-29866:Paul Perkins,37435-29866,RB,Paul,Paul Perkins,Perkins,0,0,4700,NYG@DAL,NYG,DAL,,,
,,,,,,,,,,,,,37435-12530:Dallas Cowboys,37435-12530,D,Dallas,Dallas Cowboys,Cowboys,6.125,16,4700,NYG@DAL,DAL,NYG,,,
,,,,,,,,,,,,,37435-43413:Kenneth Dixon,37435-43413,RB,Kenneth,Kenneth Dixon,Dixon,8.566666921,6,4700,BAL@MIA,BAL,MIA,,,
,,,,,,,,,,,,,37435-43416:Trent Taylor,37435-43416,WR,Trent,Trent Taylor,Taylor,3.269230769,13,4700,SF@TB,SF,TB,O,Foot,
,,,,,,,,,,,,,37435-6641:Jason Witten,37435-6641,TE,Jason,Jason Witten,Witten,0,0,4700,NYG@DAL,DAL,NYG,,,
,,,,,,,,,,,,,37435-22054:Jarius Wright,37435-22054,WR,Jarius,Jarius Wright,Wright,4.756249905,16,4700,LAR@CAR,CAR,LAR,,,
,,,,,,,,,,,,,37435-38509:Wendell Smallwood,37435-38509,RB,Wendell,Wendell Smallwood,Smallwood,7.953846271,13,4700,WAS@PHI,WAS,PHI,,,
,,,,,,,,,,,,,37435-31406:Alfred Blue,37435-31406,RB,Alfred,Alfred Blue,Blue,5.456250191,16,4700,KC@JAC,JAC,KC,IR,Ankle,
,,,,,,,,,,,,,37435-70372:Chester Rogers,37435-70372,WR,Chester,Chester Rogers,Rogers,5.662499905,16,4700,IND@LAC,IND,LAC,,,
,,,,,,,,,,,,,37435-63383:Jordan Scarlett,37435-63383,RB,Jordan,Jordan Scarlett,Scarlett,0,0,4700,LAR@CAR,CAR,LAR,,,
,,,,,,,,,,,,,37435-64585:Dawson Knox,37435-64585,TE,Dawson,Dawson Knox,Knox,0,0,4600,BUF@NYJ,BUF,NYJ,,,
,,,,,,,,,,,,,37435-83091:Trenton Cannon,37435-83091,RB,Trenton,Trenton Cannon,Cannon,3.654545524,11,4600,BUF@NYJ,NYJ,BUF,,,
,,,,,,,,,,,,,37435-84122:Detrez Newsome,37435-84122,RB,Detrez,Detrez Newsome,Newsome,2.600000064,3,4600,IND@LAC,LAC,IND,,,
,,,,,,,,,,,,,37435-12545:Philadelphia Eagles,37435-12545,D,Philadelphia,Philadelphia Eagles,Eagles,6.0625,16,4600,WAS@PHI,PHI,WAS,,,
,,,,,,,,,,,,,37435-31061:T.J. Yeldon,37435-31061,RB,T.J.,T.J. Yeldon,Yeldon,10.40000044,14,4600,BUF@NYJ,BUF,NYJ,,,
,,,,,,,,,,,,,37435-14704:Chris Hogan,37435-14704,WR,Chris,Chris Hogan,Hogan,5.91333313,15,4600,LAR@CAR,CAR,LAR,,,
,,,,,,,,,,,,,37435-38269:Cameron Artis-Payne,37435-38269,RB,Cameron,Cameron Artis-Payne,Artis-Payne,3.974999905,4,4600,LAR@CAR,CAR,LAR,,,
,,,,,,,,,,,,,37435-39428:Kyle Juszczyk,37435-39428,RB,Kyle,Kyle Juszczyk,Juszczyk,3.493333435,15,4600,SF@TB,SF,TB,,,
,,,,,,,,,,,,,37435-64175:Hakeem Butler,37435-64175,WR,Hakeem,Hakeem Butler,Butler,0,0,4600,DET@ARI,ARI,DET,IR,Hand,
,,,,,,,,,,,,,37435-7972:Darren Sproles,37435-7972,RB,Darren,Darren Sproles,Sproles,8.916666667,6,4600,WAS@PHI,PHI,WAS,,,
,,,,,,,,,,,,,37435-72515:Ian Thomas,37435-72515,TE,Ian,Ian Thomas,Thomas,6.329999924,10,4600,LAR@CAR,CAR,LAR,,,
,,,,,,,,,,,,,37435-41867:Jordan Wilkins,37435-41867,RB,Jordan,Jordan Wilkins,Wilkins,4.00769219,13,4600,IND@LAC,IND,LAC,Q,Ankle,
,,,,,,,,,,,,,37435-63419:Andy Isabella,37435-63419,WR,Andy,Andy Isabella,Isabella,0,0,4600,DET@ARI,ARI,DET,,,
,,,,,,,,,,,,,37435-104449:Joe Horn Jr.,37435-104449,WR,Joe,Joe Horn Jr.,Horn Jr.,0,0,4500,BAL@MIA,BAL,MIA,,,
,,,,,,,,,,,,,37435-72707:Reece Horn,37435-72707,WR,Reece,Reece Horn,Horn,0,0,4500,BAL@MIA,MIA,BAL,,,
,,,,,,,,,,,,,37435-54280:Duke Williams,37435-54280,WR,Duke,Duke Williams,Williams,0,0,4500,BUF@NYJ,BUF,NYJ,,,
,,,,,,,,,,,,,37435-92168:Damion Willis,37435-92168,WR,Damion,Damion Willis,Willis,0,0,4500,CIN@SEA,CIN,SEA,,,
,,,,,,,,,,,,,37435-24589:Jaron Brown,37435-24589,WR,Jaron,Jaron Brown,Brown,5.359999847,10,4500,CIN@SEA,SEA,CIN,,,
,,,,,,,,,,,,,37435-63512:T.J. Rahming,37435-63512,WR,T.J.,T.J. Rahming,Rahming,0,0,4500,BAL@MIA,MIA,BAL,,,
,,,,,,,,,,,,,37435-61468:Juwan Foggie,37435-61468,WR,Juwan,Juwan Foggie,Foggie,0,0,4500,BUF@NYJ,BUF,NYJ,,,
,,,,,,,,,,,,,37435-14372:Aldrick Robinson,37435-14372,WR,Aldrick,Aldrick Robinson,Robinson,4.399999891,14,4500,LAR@CAR,CAR,LAR,,,
,,,,,,,,,,,,,37435-56356:Isaiah Ford,37435-56356,WR,Isaiah,Isaiah Ford,Ford,0,1,4500,BAL@MIA,MIA,BAL,,,
,,,,,,,,,,,,,37435-56358:Cam Phillips,37435-56358,WR,Cam,Cam Phillips,Phillips,1.399999976,1,4500,BUF@NYJ,BUF,NYJ,,,
,,,,,,,,,,,,,37435-24621:Charone Peake,37435-24621,WR,Charone,Charone Peake,Peake,1.166666667,3,4500,BUF@NYJ,NYJ,BUF,,,
,,,,,,,,,,,,,37435-70705:Trevon Wesco,37435-70705,TE,Trevon,Trevon Wesco,Wesco,0,0,4500,BUF@NYJ,NYJ,BUF,,,
,,,,,,,,,,,,,37435-62519:Tre McBride,37435-62519,WR,Tre,Tre McBride,McBride,0,0,4500,KC@JAC,JAC,KC,,,
,,,,,,,,,,,,,37435-64575:Derrick Gore,37435-64575,RB,Derrick,Derrick Gore,Gore,0,0,4500,IND@LAC,LAC,IND,,,
,,,,,,,,,,,,,37435-44103:Elijah McGuire,37435-44103,RB,Elijah,Elijah McGuire,McGuire,9.550000191,8,4500,TEN@CLE,CLE,TEN,,,
,,,,,,,,,,,,,37435-28744:Raheem Mostert,37435-28744,RB,Raheem,Raheem Mostert,Mostert,5.933333079,6,4500,SF@TB,SF,TB,,,
,,,,,,,,,,,,,37435-64588:DaMarkus Lodge,37435-64588,WR,DaMarkus,DaMarkus Lodge,Lodge,0,0,4500,SF@TB,TB,SF,,,
,,,,,,,,,,,,,37435-79972:Chad Williams,37435-79972,WR,Chad,Chad Williams,Williams,3.25,10,4500,IND@LAC,IND,LAC,,,
,,,,,,,,,,,,,37435-24682:Andre Ellington,37435-24682,RB,Andre,Andre Ellington,Ellington,0,0,4500,SF@TB,TB,SF,,,
,,,,,,,,,,,,,37435-79983:De'Angelo Henderson,37435-79983,RB,De'Angelo,De'Angelo Henderson,Henderson,-0.100000001,1,4500,ATL@MIN,MIN,ATL,,,
,,,,,,,,,,,,,37435-79982:Alex Armah,37435-79982,RB,Alex,Alex Armah,Armah,1.8125,8,4500,LAR@CAR,CAR,LAR,,,
,,,,,,,,,,,,,37435-64625:Matt Colburn,37435-64625,RB,Matt,Matt Colburn,Colburn,0,0,4500,LAR@CAR,LAR,CAR,,,
,,,,,,,,,,,,,37435-61555:David Sills V,37435-61555,WR,David,David Sills V,Sills V,0,0,4500,NYG@DAL,NYG,DAL,,,
,,,,,,,,,,,,,37435-30837:Jordan Matthews,37435-30837,WR,Jordan,Jordan Matthews,Matthews,4.727272727,11,4500,SF@TB,SF,TB,,,
,,,,,,,,,,,,,37435-55414:Cody Thompson,37435-55414,WR,Cody,Cody Thompson,Thompson,0,0,4500,KC@JAC,KC,JAC,,,
,,,,,,,,,,,,,37435-52345:Brandon Powell,37435-52345,WR,Brandon,Brandon Powell,Powell,3.133333206,6,4500,ATL@MIN,ATL,MIN,,,
,,,,,,,,,,,,,37435-55417:Jon'Vea Johnson,37435-55417,WR,Jon'Vea,Jon'Vea Johnson,Johnson,0,0,4500,NYG@DAL,DAL,NYG,IR,Shoulder,
,,,,,,,,,,,,,37435-64634:Alex Bachman,37435-64634,WR,Alex,Alex Bachman,Bachman,0,0,4500,LAR@CAR,LAR,CAR,IR,Undisclosed,
,,,,,,,,,,,,,37435-31874:Kenneth Farrow,37435-31874,RB,Kenneth,Kenneth Farrow,Farrow,0,0,4500,BAL@MIA,MIA,BAL,,,
,,,,,,,,,,,,,37435-61570:Chandler Cox,37435-61570,RB,Chandler,Chandler Cox,Cox,0,0,4500,BAL@MIA,MIA,BAL,,,
,,,,,,,,,,,,,37435-64646:Felton Davis,37435-64646,WR,Felton,Felton Davis,Davis,0,0,4500,KC@JAC,KC,JAC,,,
,,,,,,,,,,,,,37435-83083:Justin Watson,37435-83083,WR,Justin,Justin Watson,Watson,0.333333333,3,4500,SF@TB,TB,SF,,,
,,,,,,,,,,,,,37435-24718:Max McCaffrey,37435-24718,WR,Max,Max McCaffrey,McCaffrey,0,0,4500,SF@TB,SF,TB,,,
,,,,,,,,,,,,,37435-53390:Zach Pascal,37435-53390,WR,Zach,Zach Pascal,Pascal,4.099999941,13,4500,IND@LAC,IND,LAC,,,
,,,,,,,,,,,,,37435-83086:Reece Fountain,37435-83086,WR,Reece,Reece Fountain,Fountain,0,0,4500,IND@LAC,IND,LAC,IR,Ankle,
,,,,,,,,,,,,,37435-47249:Darvin Kidsy Jr.,37435-47249,WR,Darvin,Darvin Kidsy Jr.,Kidsy Jr.,1.299999952,1,4500,WAS@PHI,WAS,PHI,,,
,,,,,,,,,,,,,37435-62616:Zach Zenner,37435-62616,RB,Zach,Zach Zenner,Zenner,6.699999809,8,4500,DET@ARI,DET,ARI,,,
,,,,,,,,,,,,,37435-28827:Dare Ogunbowale,37435-28827,RB,Dare,Dare Ogunbowale,Ogunbowale,0,1,4500,SF@TB,TB,SF,,,
,,,,,,,,,,,,,37435-84124:J.J. Jones,37435-84124,WR,J.J.,J.J. Jones,Jones,-0.300000012,4,4500,BUF@NYJ,NYJ,BUF,,,
,,,,,,,,,,,,,37435-86172:Nick Easley,37435-86172,WR,Nick,Nick Easley,Easley,0,0,4500,BUF@NYJ,BUF,NYJ,,,
,,,,,,,,,,,,,37435-80030:Krishawn Hogan,37435-80030,WR,Krishawn,Krishawn Hogan,Hogan,0,0,4500,IND@LAC,IND,LAC,,,
,,,,,,,,,,,,,37435-25760:Allen Hurns,37435-25760,WR,Allen,Allen Hurns,Hurns,3.961538462,13,4500,BAL@MIA,MIA,BAL,,,
,,,,,,,,,,,,,37435-46244:Donnel Pumphrey,37435-46244,RB,Donnel,Donnel Pumphrey,Pumphrey,0,0,4500,WAS@PHI,PHI,WAS,,,
,,,,,,,,,,,,,37435-52391:Jalen Harvey,37435-52391,WR,Jalen,Jalen Harvey,Harvey,0,0,4500,CIN@SEA,SEA,CIN,,,
,,,,,,,,,,,,,37435-84137:Deontez Alexander,37435-84137,WR,Deontez,Deontez Alexander,Alexander,0,0,4500,DET@ARI,DET,ARI,,,
,,,,,,,,,,,,,37435-65706:Deontay Burnett,37435-65706,WR,Deontay,Deontay Burnett,Burnett,3.859999847,5,4500,BUF@NYJ,NYJ,BUF,,,
,,,,,,,,,,,,,37435-45229:Kareem Hunt,37435-45229,RB,Kareem,Kareem Hunt,Hunt,19.74545427,11,4500,TEN@CLE,CLE,TEN,O,Suspension,
,,,,,,,,,,,,,37435-83122:Dorren Miller,37435-83122,WR,Dorren,Dorren Miller,Miller,0,0,4500,WAS@PHI,PHI,WAS,,,
,,,,,,,,,,,,,37435-52405:Jalen Hurd,37435-52405,WR,Jalen,Jalen Hurd,Hurd,0,0,4500,SF@TB,SF,TB,O,Back,
,,,,,,,,,,,,,37435-52410:Josh Malone,37435-52410,WR,Josh,Josh Malone,Malone,0.566666683,3,4500,BUF@NYJ,NYJ,BUF,,,
,,,,,,,,,,,,,37435-52414:Jonathan Lloyd,37435-52414,WR,Jonathan,Jonathan Lloyd,Lloyd,0,0,4500,LAR@CAR,LAR,CAR,,,
,,,,,,,,,,,,,37435-61631:Olabisi Johnson,37435-61631,WR,Olabisi,Olabisi Johnson,Johnson,0,0,4500,ATL@MIN,MIN,ATL,,,
,,,,,,,,,,,,,37435-68800:Jaleel Scott,37435-68800,WR,Jaleel,Jaleel Scott,Scott,0,0,4500,BAL@MIA,BAL,MIA,,,
,,,,,,,,,,,,,37435-83136:Jalen Tolliver,37435-83136,WR,Jalen,Jalen Tolliver,Tolliver,1.73333327,3,4500,KC@JAC,KC,JAC,,,
,,,,,,,,,,,,,37435-83140:Christopher Ezeala,37435-83140,RB,Christopher,Christopher Ezeala,Ezeala,0,0,4500,BAL@MIA,BAL,MIA,,,
,,,,,,,,,,,,,37435-57543:D'Ernest Johnson,37435-57543,RB,D'Ernest,D'Ernest Johnson,Johnson,0,0,4500,TEN@CLE,CLE,TEN,,,
,,,,,,,,,,,,,37435-54472:Cam Sims,37435-54472,WR,Cam,Cam Sims,Sims,0,0,4500,WAS@PHI,WAS,PHI,,,
,,,,,,,,,,,,,37435-41164:Andre Levrone,37435-41164,WR,Andre,Andre Levrone,Levrone,0,0,4500,LAR@CAR,CAR,LAR,,,
,,,,,,,,,,,,,37435-40148:Ishmael Hyman,37435-40148,WR,Ishmael,Ishmael Hyman,Hyman,0,0,4500,TEN@CLE,CLE,TEN,,,
,,,,,,,,,,,,,37435-28890:Derek Watt,37435-28890,RB,Derek,Derek Watt,Watt,0.449999988,4,4500,IND@LAC,LAC,IND,,,
,,,,,,,,,,,,,37435-57565:Austin Walter,37435-57565,RB,Austin,Austin Walter,Walter,0,0,4500,SF@TB,SF,TB,,,
,,,,,,,,,,,,,37435-95455:D.J. Montgomery,37435-95455,WR,D.J.,D.J. Montgomery,Montgomery,0,0,4500,TEN@CLE,CLE,TEN,IR,Hamstring,
,,,,,,,,,,,,,37435-40162:Elijah Wellman,37435-40162,RB,Elijah,Elijah Wellman,Wellman,0,0,4500,WAS@PHI,WAS,PHI,,,
,,,,,,,,,,,,,37435-52451:Samaje Perine,37435-52451,RB,Samaje,Samaje Perine,Perine,1.299999952,4,4500,CIN@SEA,CIN,SEA,,,
,,,,,,,,,,,,,37435-40164:Shelton Gibson,37435-40164,WR,Shelton,Shelton Gibson,Gibson,1.325000048,4,4500,TEN@CLE,CLE,TEN,,,
,,,,,,,,,,,,,37435-93413:Terry Wright,37435-93413,WR,Terry,Terry Wright,Wright,0,0,4500,CIN@SEA,SEA,CIN,,,
,,,,,,,,,,,,,37435-69860:Trayveon Williams,37435-69860,RB,Trayveon,Trayveon Williams,Williams,0,0,4500,CIN@SEA,CIN,SEA,O,Foot,
,,,,,,,,,,,,,37435-102630:Bryant Mitchell,37435-102630,WR,Bryant,Bryant Mitchell,Mitchell,0,0,4500,SF@TB,TB,SF,IR,Achilles,
,,,,,,,,,,,,,37435-64744:Josh Adams,37435-64744,RB,Josh,Josh Adams,Adams,6.53333346,12,4500,BUF@NYJ,NYJ,BUF,,,
,,,,,,,,,,,,,37435-93419:Isaac Zico,37435-93419,WR,Isaac,Isaac Zico,Zico,0,0,4500,DET@ARI,ARI,DET,,,
,,,,,,,,,,,,,37435-28907:Alex Erickson,37435-28907,WR,Alex,Alex Erickson,Erickson,1.681249976,16,4500,CIN@SEA,CIN,SEA,,,
,,,,,,,,,,,,,37435-11504:Andre Roberts,37435-11504,WR,Andre,Andre Roberts,Roberts,1.931249976,16,4500,BUF@NYJ,BUF,NYJ,O,Quadriceps,
,,,,,,,,,,,,,37435-45299:David Fluellen,37435-45299,RB,David,David Fluellen,Fluellen,0.800000012,2,4500,TEN@CLE,TEN,CLE,,,
,,,,,,,,,,,,,37435-48371:Robert Davis,37435-48371,WR,Robert,Robert Davis,Davis,0,0,4500,WAS@PHI,WAS,PHI,,,
,,,,,,,,,,,,,37435-94453:Darwin Thompson,37435-94453,RB,Darwin,Darwin Thompson,Thompson,0,0,4500,KC@JAC,KC,JAC,,,
,,,,,,,,,,,,,37435-44280:JoJo Natson,37435-44280,WR,JoJo,JoJo Natson,Natson,-0.166666667,12,4500,LAR@CAR,LAR,CAR,,,
,,,,,,,,,,,,,37435-53498:Richie James Jr.,37435-53498,WR,Richie,Richie James Jr.,James Jr.,2.291666667,12,4500,SF@TB,SF,TB,,,
,,,,,,,,,,,,,37435-45309:Alonzo Russell,37435-45309,WR,Alonzo,Alonzo Russell,Russell,0,0,4500,NYG@DAL,NYG,DAL,,,
,,,,,,,,,,,,,37435-62718:Daniel Brown,37435-62718,TE,Daniel,Daniel Brown,Brown,0,1,4500,BUF@NYJ,NYJ,BUF,,,
,,,,,,,,,,,,,37435-55552:Jeff Wilson Jr.,37435-55552,RB,Jeff,Jeff Wilson Jr.,Wilson Jr.,6.400000254,6,4500,SF@TB,SF,TB,,,
,,,,,,,,,,,,,37435-72961:Anthony Johnson,37435-72961,WR,Anthony,Anthony Johnson,Johnson,0,0,4500,SF@TB,TB,SF,,,
,,,,,,,,,,,,,37435-56580:Christian Blake,37435-56580,WR,Christian,Christian Blake,Blake,0,0,4500,ATL@MIN,ATL,MIN,,,
,,,,,,,,,,,,,37435-41221:Andre Patton,37435-41221,WR,Andre,Andre Patton,Patton,0,0,4500,IND@LAC,LAC,IND,,,
,,,,,,,,,,,,,37435-12550:Seattle Seahawks,37435-12550,D,Seattle,Seattle Seahawks,Seahawks,7.8125,16,4500,CIN@SEA,SEA,CIN,,,
,,,,,,,,,,,,,37435-64786:Ryquell Armstead,37435-64786,RB,Ryquell,Ryquell Armstead,Armstead,0,0,4500,KC@JAC,JAC,KC,,,
,,,,,,,,,,,,,37435-62740:Malik Henry,37435-62740,WR,Malik,Malik Henry,Henry,0,0,4500,SF@TB,SF,TB,,,
,,,,,,,,,,,,,37435-83221:De'Lance Turner,37435-83221,RB,De'Lance,De'Lance Turner,Turner,1.549999952,2,4500,BAL@MIA,BAL,MIA,,,
,,,,,,,,,,,,,37435-55577:Hunter Sharp,37435-55577,WR,Hunter,Hunter Sharp,Sharp,0,0,4500,CIN@SEA,CIN,SEA,,,
,,,,,,,,,,,,,37435-64795:Cortrelle Simpson,37435-64795,WR,Cortrelle,Cortrelle Simpson,Simpson,0,0,4500,SF@TB,TB,SF,,,
,,,,,,,,,,,,,37435-68890:Devin Gray,37435-68890,WR,Devin,Devin Gray,Gray,0,0,4500,ATL@MIN,ATL,MIN,,,
,,,,,,,,,,,,,37435-53532:Roger Lewis,37435-53532,WR,Roger,Roger Lewis,Lewis,0,0,4500,IND@LAC,IND,LAC,,,
,,,,,,,,,,,,,37435-29985:Jaydon Mickens,37435-29985,WR,Jaydon,Jaydon Mickens,Mickens,0,6,4500,LAR@CAR,CAR,LAR,,,
,,,,,,,,,,,,,37435-56614:A.J. Ouellette,37435-56614,RB,A.J.,A.J. Ouellette,Ouellette,0,0,4500,TEN@CLE,CLE,TEN,,,
,,,,,,,,,,,,,37435-31015:DeAndrew White,37435-31015,WR,DeAndrew,DeAndrew White,White,0,0,4500,LAR@CAR,CAR,LAR,,,
,,,,,,,,,,,,,37435-57651:Travis Fulgham,37435-57651,WR,Travis,Travis Fulgham,Fulgham,0,0,4500,DET@ARI,DET,ARI,,,
,,,,,,,,,,,,,37435-53556:Jalen Greene,37435-53556,WR,Jalen,Jalen Greene,Greene,0,0,4500,LAR@CAR,LAR,CAR,,,
,,,,,,,,,,,,,37435-45371:Darius Phillips,37435-45371,WR,Darius,Darius Phillips,Phillips,0,1,4500,CIN@SEA,CIN,SEA,,,
,,,,,,,,,,,,,37435-64827:Miles Boykin,37435-64827,WR,Miles,Miles Boykin,Boykin,0,0,4500,BAL@MIA,BAL,MIA,,,
,,,,,,,,,,,,,37435-85306:KhaDarel Hodge,37435-85306,WR,KhaDarel,KhaDarel Hodge,Hodge,0.900000016,3,4500,TEN@CLE,CLE,TEN,,,
,,,,,,,,,,,,,37435-57662:Trayone Gray,37435-57662,RB,Trayone,Trayone Gray,Gray,0,0,4500,TEN@CLE,CLE,TEN,,,
,,,,,,,,,,,,,37435-60736:Jazz Ferguson,37435-60736,WR,Jazz,Jazz Ferguson,Ferguson,0,0,4500,CIN@SEA,SEA,CIN,,,
,,,,,,,,,,,,,37435-43334:J.D. McKissic,37435-43334,RB,J.D.,J.D. McKissic,McKissic,0.266666671,3,4500,DET@ARI,DET,ARI,,,
,,,,,,,,,,,,,37435-62791:Mark Walton,37435-62791,RB,Mark,Mark Walton,Walton,1.666666667,6,4500,BAL@MIA,MIA,BAL,,,
,,,,,,,,,,,,,37435-56648:Jeremy McNichols,37435-56648,RB,Jeremy,Jeremy McNichols,McNichols,0.400000006,1,4500,TEN@CLE,TEN,CLE,,,
,,,,,,,,,,,,,37435-56649:Sean Modster,37435-56649,WR,Sean,Sean Modster,Modster,0,0,4500,BAL@MIA,BAL,MIA,,,
,,,,,,,,,,,,,37435-63819:Darius Slayton,37435-63819,WR,Darius,Darius Slayton,Slayton,0,0,4500,NYG@DAL,NYG,DAL,O,Hamstring,
,,,,,,,,,,,,,37435-64843:Jalen Guyton,37435-64843,WR,Jalen,Jalen Guyton,Guyton,0,0,4500,NYG@DAL,DAL,NYG,,,
,,,,,,,,,,,,,37435-34125:Geremy Davis,37435-34125,WR,Geremy,Geremy Davis,Davis,0,1,4500,IND@LAC,LAC,IND,D,Hamstring,
,,,,,,,,,,,,,37435-32082:Jordan Taylor,37435-32082,WR,Jordan,Jordan Taylor,Taylor,0,0,4500,ATL@MIN,MIN,ATL,,,
,,,,,,,,,,,,,37435-41299:Davon Grayson,37435-41299,WR,Davon,Davon Grayson,Grayson,0,0,4500,KC@JAC,KC,JAC,IR,Knee,
,,,,,,,,,,,,,37435-55642:C.J. Worton,37435-55642,WR,C.J.,C.J. Worton,Worton,0,0,4500,ATL@MIN,ATL,MIN,,,
,,,,,,,,,,,,,37435-14683:Patrick DiMarco,37435-14683,RB,Patrick,Patrick DiMarco,DiMarco,1.720000076,5,4500,BUF@NYJ,BUF,NYJ,,,
,,,,,,,,,,,,,37435-41319:Jeff Badet,37435-41319,WR,Jeff,Jeff Badet,Badet,0,0,4500,ATL@MIN,MIN,ATL,,,
,,,,,,,,,,,,,37435-40298:Derrick Willies,37435-40298,WR,Derrick,Derrick Willies,Willies,7.599999905,1,4500,TEN@CLE,CLE,TEN,,,
,,,,,,,,,,,,,37435-61807:Jeremy Cox,37435-61807,RB,Jeremy,Jeremy Cox,Cox,0,0,4500,IND@LAC,LAC,IND,,,
,,,,,,,,,,,,,37435-33137:Justin Hardy,37435-33137,WR,Justin,Justin Hardy,Hardy,2.018749952,16,4500,ATL@MIN,ATL,MIN,,,
,,,,,,,,,,,,,37435-52602:DeAndre Thompkins,37435-52602,WR,DeAndre,DeAndre Thompkins,Thompkins,0,0,4500,WAS@PHI,PHI,WAS,,,
,,,,,,,,,,,,,37435-64892:Bryce Love,37435-64892,RB,Bryce,Bryce Love,Love,0,0,4500,WAS@PHI,WAS,PHI,O,Knee - acl,
,,,,,,,,,,,,,37435-63869:Parker Baldwin,37435-63869,WR,Parker,Parker Baldwin,Baldwin,0,0,4500,ATL@MIN,ATL,MIN,,,
,,,,,,,,,,,,,37435-71039:Kelvin Harmon,37435-71039,WR,Kelvin,Kelvin Harmon,Harmon,0,0,4500,WAS@PHI,WAS,PHI,,,
,,,,,,,,,,,,,37435-55684:Roc Thomas,37435-55684,RB,Roc,Roc Thomas,Thomas,1.219999981,5,4500,KC@JAC,JAC,KC,,,
,,,,,,,,,,,,,37435-53639:Isaiah McKenzie,37435-53639,WR,Isaiah,Isaiah McKenzie,McKenzie,5.4375,8,4500,BUF@NYJ,BUF,NYJ,,,
,,,,,,,,,,,,,37435-64905:Trenton Irwin,37435-64905,WR,Trenton,Trenton Irwin,Irwin,0,0,4500,BAL@MIA,MIA,BAL,,,
,,,,,,,,,,,,,37435-47501:Marken Michel,37435-47501,WR,Marken,Marken Michel,Michel,0,0,4500,WAS@PHI,PHI,WAS,,,
,,,,,,,,,,,,,37435-53646:Austin Proehl,37435-53646,WR,Austin,Austin Proehl,Proehl,0,0,4500,LAR@CAR,LAR,CAR,,,
,,,,,,,,,,,,,37435-55694:Mike Thomas,37435-55694,WR,Mike,Mike Thomas,Thomas,0,0,4500,LAR@CAR,LAR,CAR,,,
,,,,,,,,,,,,,37435-28055:Amara Darboh,37435-28055,WR,Amara,Amara Darboh,Darboh,0,0,4500,CIN@SEA,SEA,CIN,,,
,,,,,,,,,,,,,37435-80281:C.J. Board,37435-80281,WR,C.J.,C.J. Board,Board,0,0,4500,KC@JAC,JAC,KC,,,
,,,,,,,,,,,,,37435-29084:Rashad Ross,37435-29084,WR,Rashad,Rashad Ross,Ross,0,0,4500,LAR@CAR,CAR,LAR,,,
,,,,,,,,,,,,,37435-55712:Jonathan Duhart,37435-55712,WR,Jonathan,Jonathan Duhart,Duhart,0,0,4500,DET@ARI,DET,ARI,,,
,,,,,,,,,,,,,37435-80289:Kendrick Bourne,37435-80289,WR,Kendrick,Kendrick Bourne,Bourne,5.856249809,16,4500,SF@TB,SF,TB,,,
,,,,,,,,,,,,,37435-28065:Jehu Chesson,37435-28065,WR,Jehu,Jehu Chesson,Chesson,0.200000003,4,4500,WAS@PHI,WAS,PHI,,,
,,,,,,,,,,,,,37435-32161:Gehrig Dieter,37435-32161,WR,Gehrig,Gehrig Dieter,Dieter,1.350000024,2,4500,KC@JAC,KC,JAC,IR,Undisclosed,
,,,,,,,,,,,,,37435-47523:Tajae Sharpe,37435-47523,WR,Tajae,Tajae Sharpe,Sharpe,4.157142912,14,4500,TEN@CLE,TEN,CLE,,,
,,,,,,,,,,,,,37435-63907:Josh Oliver,37435-63907,TE,Josh,Josh Oliver,Oliver,0,0,4500,KC@JAC,JAC,KC,O,Hamstring,
,,,,,,,,,,,,,37435-43433:Boston Scott,37435-43433,RB,Boston,Boston Scott,Scott,0,1,4500,WAS@PHI,PHI,WAS,,,
,,,,,,,,,,,,,37435-80299:Patrick Ricard,37435-80299,RB,Patrick,Patrick Ricard,Ricard,0,0,4500,BAL@MIA,BAL,MIA,Q,Foot,
,,,,,,,,,,,,,37435-22959:Deonte Thompson,37435-22959,WR,Deonte,Deonte Thompson,Thompson,1.892307722,13,4500,BUF@NYJ,NYJ,BUF,,,
,,,,,,,,,,,,,37435-61871:Blake Cashman,37435-61871,WR,Blake,Blake Cashman,Cashman,0,0,4500,BUF@NYJ,NYJ,BUF,,,
,,,,,,,,,,,,,37435-103864:Raphael Leonard,37435-103864,WR,Raphael,Raphael Leonard,Leonard,0,0,4500,KC@JAC,JAC,KC,,,
,,,,,,,,,,,,,37435-60861:Damion Ratley,37435-60861,WR,Damion,Damion Ratley,Ratley,4.179999924,5,4500,TEN@CLE,CLE,TEN,,,
,,,,,,,,,,,,,37435-28095:Thomas Rawls,37435-28095,RB,Thomas,Thomas Rawls,Rawls,0,0,4500,KC@JAC,JAC,KC,,,
,,,,,,,,,,,,,37435-21952:Michael Floyd,37435-21952,WR,Michael,Michael Floyd,Floyd,2.3,10,4500,BAL@MIA,BAL,MIA,,,
,,,,,,,,,,,,,37435-57794:Donnie Ernsberger,37435-57794,TE,Donnie,Donnie Ernsberger,Ernsberger,0,0,4500,KC@JAC,JAC,KC,,,
,,,,,,,,,,,,,37435-72133:Antoine Wesley,37435-72133,WR,Antoine,Antoine Wesley,Wesley,0,0,4500,BAL@MIA,BAL,MIA,,,
,,,,,,,,,,,,,37435-55750:Chris Lacy,37435-55750,WR,Chris,Chris Lacy,Lacy,0,1,4500,DET@ARI,DET,ARI,,,
,,,,,,,,,,,,,37435-26055:Carlton Agudosi,37435-26055,WR,Carlton,Carlton Agudosi,Agudosi,0,0,4500,WAS@PHI,PHI,WAS,,,
,,,,,,,,,,,,,37435-39373:Jaelen Strong,37435-39373,WR,Jaelen,Jaelen Strong,Strong,0,0,4500,TEN@CLE,CLE,TEN,,,
,,,,,,,,,,,,,37435-31184:Jonathan Williams,37435-31184,RB,Jonathan,Jonathan Williams,Williams,0.200000008,3,4500,IND@LAC,IND,LAC,O,Ribs,
,,,,,,,,,,,,,37435-21972:Brian Quick,37435-21972,WR,Brian,Brian Quick,Quick,1.649999976,2,4500,WAS@PHI,WAS,PHI,,,
,,,,,,,,,,,,,37435-54741:Seth Roberts,37435-54741,WR,Seth,Seth Roberts,Roberts,5.626666768,15,4500,BAL@MIA,BAL,MIA,,,
,,,,,,,,,,,,,37435-103892:Shawn Bane,37435-103892,WR,Shawn,Shawn Bane,Bane,0,0,4500,ATL@MIN,ATL,MIN,,,
,,,,,,,,,,,,,37435-41430:Devin Ross,37435-41430,WR,Devin,Devin Ross,Ross,0,0,4500,WAS@PHI,PHI,WAS,,,
,,,,,,,,,,,,,37435-85464:Blake Jackson,37435-85464,WR,Blake,Blake Jackson,Jackson,0,0,4500,TEN@CLE,CLE,TEN,,,
,,,,,,,,,,,,,37435-103896:Nsimba Webster,37435-103896,WR,Nsimba,Nsimba Webster,Webster,0,0,4500,LAR@CAR,LAR,CAR,,,
,,,,,,,,,,,,,37435-103899:Damion Jeanpiere Jr.,37435-103899,WR,Damion,Damion Jeanpiere Jr.,Jeanpiere Jr.,0,0,4500,LAR@CAR,CAR,LAR,,,
,,,,,,,,,,,,,37435-103901:Davion Davis,37435-103901,WR,Davion,Davion Davis,Davis,0,0,4500,ATL@MIN,MIN,ATL,,,
,,,,,,,,,,,,,37435-55774:Dorian Baker,37435-55774,WR,Dorian,Dorian Baker,Baker,0,0,4500,TEN@CLE,CLE,TEN,,,
,,,,,,,,,,,,,37435-103902:Alexander Hollins,37435-103902,WR,Alexander,Alexander Hollins,Hollins,0,0,4500,ATL@MIN,MIN,ATL,,,
,,,,,,,,,,,,,37435-103906:Xavier Turner,37435-103906,RB,Xavier,Xavier Turner,Turner,0,0,4500,CIN@SEA,SEA,CIN,,,
,,,,,,,,,,,,,37435-14820:Nick Bellore,37435-14820,RB,Nick,Nick Bellore,Bellore,0.875,4,4500,CIN@SEA,SEA,CIN,,,
,,,,,,,,,,,,,37435-32235:Marcus Johnson,37435-32235,WR,Marcus,Marcus Johnson,Johnson,4.75,4,4500,IND@LAC,IND,LAC,IR,Concussion,
,,,,,,,,,,,,,37435-41457:Jordan Smallwood,37435-41457,WR,Jordan,Jordan Smallwood,Smallwood,0,0,4500,IND@LAC,LAC,IND,,,
,,,,,,,,,,,,,37435-40434:Greg Ward,37435-40434,WR,Greg,Greg Ward,Ward,0,0,4500,WAS@PHI,PHI,WAS,,,
,,,,,,,,,,,,,37435-60915:Rodney Anderson,37435-60915,RB,Rodney,Rodney Anderson,Anderson,0,0,4500,CIN@SEA,CIN,SEA,IR,Knee - acl,
,,,,,,,,,,,,,37435-62967:Preston Williams,37435-62967,WR,Preston,Preston Williams,Williams,0,0,4500,BAL@MIA,MIA,BAL,,,
,,,,,,,,,,,,,37435-28157:Bennie Fowler III,37435-28157,WR,Bennie,Bennie Fowler III,Fowler III,3.390000153,10,4500,NYG@DAL,NYG,DAL,,,
,,,,,,,,,,,,,37435-29183:D.J. Foster,37435-29183,RB,D.J.,D.J. Foster,Foster,0,0,4500,DET@ARI,ARI,DET,,,
,,,,,,,,,,,,,37435-60930:Myles Gaskin,37435-60930,RB,Myles,Myles Gaskin,Gaskin,0,0,4500,BAL@MIA,MIA,BAL,,,
,,,,,,,,,,,,,37435-44547:Spencer Schnell,37435-44547,WR,Spencer,Spencer Schnell,Schnell,0,0,4500,SF@TB,TB,SF,,,
,,,,,,,,,,,,,37435-23046:Jamize Olawale,37435-23046,RB,Jamize,Jamize Olawale,Olawale,0.574999988,4,4500,NYG@DAL,DAL,NYG,,,
,,,,,,,,,,,,,37435-62994:Steven Sims Jr.,37435-62994,WR,Steven,Steven Sims Jr.,Sims Jr.,0,0,4500,WAS@PHI,WAS,PHI,,,
,,,,,,,,,,,,,37435-39445:Brice Butler,37435-39445,WR,Brice,Brice Butler,Butler,3,5,4500,BAL@MIA,MIA,BAL,,,
,,,,,,,,,,,,,37435-39449:Charles Johnson,37435-39449,WR,Charles,Charles Johnson,Johnson,0,0,4500,WAS@PHI,PHI,WAS,IR,Ankle,
,,,,,,,,,,,,,37435-31263:Ricardo Louis,37435-31263,WR,Ricardo,Ricardo Louis,Louis,0,0,4500,BAL@MIA,MIA,BAL,IR,Knee,
,,,,,,,,,,,,,37435-69150:Jordan Veasy,37435-69150,WR,Jordan,Jordan Veasy,Veasy,0,0,4500,IND@LAC,IND,LAC,,,
,,,,,,,,,,,,,37435-25122:Amba Etta-Tawo,37435-25122,WR,Amba,Amba Etta-Tawo,Etta-Tawo,0,0,4500,NYG@DAL,NYG,DAL,IR,Achilles,
,,,,,,,,,,,,,37435-33320:Senorise Perry,37435-33320,RB,Senorise,Senorise Perry,Perry,0,6,4500,BUF@NYJ,BUF,NYJ,,,
,,,,,,,,,,,,,37435-52776:Marcus Green,37435-52776,WR,Marcus,Marcus Green,Green,0,0,4500,WAS@PHI,PHI,WAS,,,
,,,,,,,,,,,,,37435-38441:Justin Davis,37435-38441,RB,Justin,Justin Davis,Davis,0.949999988,2,4500,DET@ARI,ARI,DET,,,
,,,,,,,,,,,,,37435-46633:Keenan Reynolds,37435-46633,WR,Keenan,Keenan Reynolds,Reynolds,0,0,4500,CIN@SEA,SEA,CIN,,,
,,,,,,,,,,,,,37435-28202:Jeremy Langford,37435-28202,RB,Jeremy,Jeremy Langford,Langford,2.5,1,4500,ATL@MIN,ATL,MIN,,,
,,,,,,,,,,,,,37435-61994:Taj McGowan,37435-61994,RB,Taj,Taj McGowan,McGowan,0,0,4500,KC@JAC,JAC,KC,IR,Knee,
,,,,,,,,,,,,,37435-57900:Quinton Flowers,37435-57900,RB,Quinton,Quinton Flowers,Flowers,0,0,4500,IND@LAC,IND,LAC,,,
,,,,,,,,,,,,,37435-60983:Anthony Ratliff-Williams,37435-60983,WR,Anthony,Anthony Ratliff-Williams,Ratliff-Williams,0,0,4500,TEN@CLE,TEN,CLE,,,
,,,,,,,,,,,,,37435-63033:Marcus Marshall,37435-63033,RB,Marcus,Marcus Marshall,Marshall,0,0,4500,KC@JAC,KC,JAC,,,
,,,,,,,,,,,,,37435-68155:Codey McElroy,37435-68155,TE,Codey,Codey McElroy,McElroy,0,0,4500,NYG@DAL,DAL,NYG,,,
,,,,,,,,,,,,,37435-103995:Alex Wesley,37435-103995,WR,Alex,Alex Wesley,Wesley,0,0,4500,NYG@DAL,NYG,DAL,IR,Undisclosed,
,,,,,,,,,,,,,37435-103996:Reggie White Jr.,37435-103996,WR,Reggie,Reggie White Jr.,White Jr.,0,0,4500,NYG@DAL,NYG,DAL,,,
,,,,,,,,,,,,,37435-27199:Marcus Murphy,37435-27199,RB,Marcus,Marcus Murphy,Murphy,3.309999847,10,4500,BUF@NYJ,BUF,NYJ,,,
,,,,,,,,,,,,,37435-69184:Dillon Mitchell,37435-69184,WR,Dillon,Dillon Mitchell,Mitchell,0,0,4500,ATL@MIN,MIN,ATL,,,
,,,,,,,,,,,,,37435-64070:Tim White,37435-64070,WR,Tim,Tim White,White,0.633333325,3,4500,BUF@NYJ,NYJ,BUF,,,
,,,,,,,,,,,,,37435-104008:Stephen Carlson,37435-104008,TE,Stephen,Stephen Carlson,Carlson,0,0,4500,TEN@CLE,CLE,TEN,,,
,,,,,,,,,,,,,37435-63050:Ty Johnson,37435-63050,RB,Ty,Ty Johnson,Johnson,0,0,4500,DET@ARI,DET,ARI,,,
,,,,,,,,,,,,,37435-104012:Ashton Dulin,37435-104012,WR,Ashton,Ashton Dulin,Dulin,0,0,4500,IND@LAC,IND,LAC,,,
,,,,,,,,,,,,,37435-47695:Jordan Chunn,37435-47695,RB,Jordan,Jordan Chunn,Chunn,0,0,4500,NYG@DAL,DAL,NYG,,,
,,,,,,,,,,,,,37435-63061:Gary Jennings,37435-63061,WR,Gary,Gary Jennings,Jennings,0,0,4500,CIN@SEA,SEA,CIN,,,
,,,,,,,,,,,,,37435-62042:Deon Cain,37435-62042,WR,Deon,Deon Cain,Cain,0,0,4500,IND@LAC,IND,LAC,,,
,,,,,,,,,,,,,37435-27229:Ameer Abdullah,37435-27229,RB,Ameer,Ameer Abdullah,Abdullah,0.266666677,9,4500,ATL@MIN,MIN,ATL,,,
,,,,,,,,,,,,,37435-31329:Russell Shepard,37435-31329,WR,Russell,Russell Shepard,Shepard,5.114285605,7,4500,NYG@DAL,NYG,DAL,,,
,,,,,,,,,,,,,37435-54885:Artavis Scott,37435-54885,WR,Artavis,Artavis Scott,Scott,0,0,4500,IND@LAC,LAC,IND,,,
,,,,,,,,,,,,,37435-62055:Ray-Ray McCloud,37435-62055,WR,Ray-Ray,Ray-Ray McCloud,McCloud,0.5625,8,4500,LAR@CAR,CAR,LAR,,,
,,,,,,,,,,,,,37435-55912:Saeed Blacknall,37435-55912,WR,Saeed,Saeed Blacknall,Blacknall,0,0,4500,BAL@MIA,MIA,BAL,,,
,,,,,,,,,,,,,37435-63087:Jaylen Smith,37435-63087,WR,Jaylen,Jaylen Smith,Smith,0,0,4500,BAL@MIA,BAL,MIA,,,
,,,,,,,,,,,,,37435-38514:Kevin White,37435-38514,WR,Kevin,Kevin White,White,3.73333327,3,4500,DET@ARI,ARI,DET,,,
,,,,,,,,,,,,,37435-56946:Ventell Bryant,37435-56946,WR,Ventell,Ventell Bryant,Bryant,0,0,4500,NYG@DAL,DAL,NYG,,,
,,,,,,,,,,,,,37435-38523:Geoff Swaim,37435-38523,TE,Geoff,Geoff Swaim,Swaim,5.400000095,8,4500,KC@JAC,JAC,KC,,,
,,,,,,,,,,,,,37435-56956:Matthew Eaton,37435-56956,WR,Matthew,Matthew Eaton,Eaton,0,0,4500,SF@TB,TB,SF,,,
,,,,,,,,,,,,,37435-55941:Patrick Laird,37435-55941,RB,Patrick,Patrick Laird,Laird,0,0,4500,BAL@MIA,MIA,BAL,,,
,,,,,,,,,,,,,37435-61072:Stanley Morgan,37435-61072,WR,Stanley,Stanley Morgan,Morgan,0,0,4500,CIN@SEA,CIN,SEA,,,
,,,,,,,,,,,,,37435-53913:Cody Hollister,37435-53913,WR,Cody,Cody Hollister,Hollister,0,0,4500,TEN@CLE,TEN,CLE,,,
,,,,,,,,,,,,,37435-55964:Tony Brooks-James,37435-55964,RB,Tony,Tony Brooks-James,Brooks-James,0,0,4500,SF@TB,TB,SF,,,
,,,,,,,,,,,,,37435-40612:Bobo Wilson,37435-40612,WR,Bobo,Bobo Wilson,Wilson,1.799999952,4,4500,SF@TB,TB,SF,,,
,,,,,,,,,,,,,37435-47780:Taywan Taylor,37435-47780,WR,Taywan,Taywan Taylor,Taylor,5.315384498,13,4500,TEN@CLE,CLE,TEN,,,
,,,,,,,,,,,,,37435-52903:Malachi Dupre,37435-52903,WR,Malachi,Malachi Dupre,Dupre,0,0,4500,IND@LAC,LAC,IND,,,
,,,,,,,,,,,,,37435-29357:Kenjon Barner,37435-29357,RB,Kenjon,Kenjon Barner,Barner,0.877777788,9,4500,ATL@MIN,ATL,MIN,,,
,,,,,,,,,,,,,37435-69295:Byron Pringle,37435-69295,WR,Byron,Byron Pringle,Pringle,0,0,4500,KC@JAC,KC,JAC,,,
,,,,,,,,,,,,,37435-72368:Shawn Poindexter,37435-72368,WR,Shawn,Shawn Poindexter,Poindexter,0,0,4500,SF@TB,SF,TB,,,
,,,,,,,,,,,,,37435-69299:Mark Thompson,37435-69299,RB,Mark,Mark Thompson,Thompson,0,0,4500,DET@ARI,DET,ARI,,,
,,,,,,,,,,,,,37435-25267:Mack Hollins,37435-25267,WR,Mack,Mack Hollins,Hollins,0,0,4500,WAS@PHI,PHI,WAS,,,
,,,,,,,,,,,,,37435-52916:Russell Gage,37435-52916,WR,Russell,Russell Gage,Gage,1.860000038,5,4500,ATL@MIN,ATL,MIN,,,
,,,,,,,,,,,,,37435-22198:Brittan Golden,37435-22198,WR,Brittan,Brittan Golden,Golden,0,0,4500,NYG@DAL,NYG,DAL,IR,Calf,
,,,,,,,,,,,,,37435-58041:Mike Boone,37435-58041,RB,Mike,Mike Boone,Boone,0.966666698,6,4500,ATL@MIN,MIN,ATL,,,
,,,,,,,,,,,,,37435-71355:Elijah Holyfield,37435-71355,RB,Elijah,Elijah Holyfield,Holyfield,0,0,4500,LAR@CAR,CAR,LAR,,,
,,,,,,,,,,,,,37435-33472:C.J. Prosise,37435-33472,RB,C.J.,C.J. Prosise,Prosise,1.700000048,2,4500,CIN@SEA,SEA,CIN,,,
,,,,,,,,,,,,,37435-30403:Chris Conley,37435-30403,WR,Chris,Chris Conley,Conley,5.026666768,15,4500,KC@JAC,JAC,KC,,,
,,,,,,,,,,,,,37435-52931:Elijhaa Penny,37435-52931,RB,Elijhaa,Elijhaa Penny,Penny,1.15,10,4500,NYG@DAL,NYG,DAL,,,
,,,,,,,,,,,,,37435-70341:Moritz Boehringer,37435-70341,TE,Moritz,Moritz Boehringer,Boehringer,0,0,4500,CIN@SEA,CIN,SEA,,,
,,,,,,,,,,,,,37435-81605:Daniel Williams,37435-81605,WR,Daniel,Daniel Williams,Williams,0,0,4500,CIN@SEA,SEA,CIN,,,
,,,,,,,,,,,,,37435-80584:Lance Lenoir Jr.,37435-80584,WR,Lance,Lance Lenoir Jr.,Lenoir Jr.,0,0,4500,NYG@DAL,DAL,NYG,IR,Knee,
,,,,,,,,,,,,,37435-22219:Jermaine Kearse,37435-22219,WR,Jermaine,Jermaine Kearse,Kearse,4.738461421,13,4500,DET@ARI,DET,ARI,IR,Leg,
,,,,,,,,,,,,,37435-61134:Kahlil Lewis,37435-61134,WR,Kahlil,Kahlil Lewis,Lewis,0,0,4500,CIN@SEA,SEA,CIN,,,
,,,,,,,,,,,,,37435-53967:Nick Bawden,37435-53967,RB,Nick,Nick Bawden,Bawden,0,0,4500,DET@ARI,DET,ARI,,,
,,,,,,,,,,,,,37435-81617:Justice Liggins,37435-81617,WR,Justice,Justice Liggins,Liggins,0,0,4500,IND@LAC,LAC,IND,,,
,,,,,,,,,,,,,37435-81616:Rashard Davis,37435-81616,WR,Rashard,Rashard Davis,Davis,0,0,4500,KC@JAC,KC,JAC,,,
,,,,,,,,,,,,,37435-29404:Byron Marshall,37435-29404,RB,Byron,Byron Marshall,Marshall,1.180000019,5,4500,BUF@NYJ,BUF,NYJ,,,
,,,,,,,,,,,,,37435-45791:Rashard Higgins,37435-45791,WR,Rashard,Rashard Higgins,Higgins,7.592307458,13,4500,TEN@CLE,CLE,TEN,,,
,,,,,,,,,,,,,37435-38624:T.J. Logan,37435-38624,RB,T.J.,T.J. Logan,Logan,1.233333349,6,4500,SF@TB,TB,SF,,,
,,,,,,,,,,,,,37435-39649:Benny Cunningham,37435-39649,RB,Benny,Benny Cunningham,Cunningham,0.377777788,9,4500,KC@JAC,JAC,KC,,,
,,,,,,,,,,,,,37435-31459:Spencer Ware,37435-31459,RB,Spencer,Spencer Ware,Ware,6.272727273,11,4500,IND@LAC,IND,LAC,NA,Ankle,
,,,,,,,,,,,,,37435-56041:Khari Blasingame,37435-56041,RB,Khari,Khari Blasingame,Blasingame,0,0,4500,ATL@MIN,MIN,ATL,,,
,,,,,,,,,,,,,37435-56051:Caleb Scott,37435-56051,WR,Caleb,Caleb Scott,Scott,0,0,4500,CIN@SEA,SEA,CIN,,,
,,,,,,,,,,,,,37435-54007:Jacob Hollister,37435-54007,TE,Jacob,Jacob Hollister,Hollister,3.599999905,2,4500,CIN@SEA,SEA,CIN,,,
,,,,,,,,,,,,,37435-54010:Brian Hill,37435-54010,RB,Brian,Brian Hill,Hill,3.020000076,5,4500,ATL@MIN,ATL,MIN,,,
,,,,,,,,,,,,,37435-56059:Trent Sherfield,37435-56059,WR,Trent,Trent Sherfield,Sherfield,5.214285714,7,4500,DET@ARI,ARI,DET,,,
,,,,,,,,,,,,,37435-56064:Bo Scarbrough,37435-56064,RB,Bo,Bo Scarbrough,Scarbrough,0,0,4500,CIN@SEA,SEA,CIN,,,
,,,,,,,,,,,,,37435-45835:Da'Mari Scott,37435-45835,WR,Da'Mari,Da'Mari Scott,Scott,0,0,4500,NYG@DAL,NYG,DAL,,,
,,,,,,,,,,,,,37435-69390:Marcus Simms,37435-69390,WR,Marcus,Marcus Simms,Simms,0,0,4500,KC@JAC,JAC,KC,IR,Concussion,
,,,,,,,,,,,,,37435-71444:Travis Homer,37435-71444,RB,Travis,Travis Homer,Homer,0,0,4500,CIN@SEA,SEA,CIN,,,
,,,,,,,,,,,,,37435-70422:Kalif Raymond,37435-70422,WR,Kalif,Kalif Raymond,Raymond,0,0,4500,TEN@CLE,TEN,CLE,,,
,,,,,,,,,,,,,37435-29466:Ricky Ortiz,37435-29466,RB,Ricky,Ricky Ortiz,Ortiz,0.866666635,3,4500,ATL@MIN,ATL,MIN,,,
,,,,,,,,,,,,,37435-62250:Joseph Parker,37435-62250,WR,Joseph,Joseph Parker,Parker,0,0,4500,TEN@CLE,TEN,CLE,,,
,,,,,,,,,,,,,37435-82731:Brandon Zylstra,37435-82731,WR,Brandon,Brandon Zylstra,Zylstra,0.55999999,5,4500,LAR@CAR,CAR,LAR,,,
,,,,,,,,,,,,,37435-55088:Malik Turner,37435-55088,WR,Malik,Malik Turner,Turner,1.5,2,4500,CIN@SEA,SEA,CIN,,,
,,,,,,,,,,,,,37435-43826:Tommylee Lewis,37435-43826,WR,Tommylee,Tommylee Lewis,Lewis,2.083333333,6,4500,DET@ARI,DET,ARI,,,
,,,,,,,,,,,,,37435-40758:Corey Clement,37435-40758,RB,Corey,Corey Clement,Clement,6.372727134,11,4500,WAS@PHI,PHI,WAS,,,
,,,,,,,,,,,,,37435-22336:Josh Bellamy,37435-22336,WR,Josh,Josh Bellamy,Bellamy,2.053846213,13,4500,BUF@NYJ,NYJ,BUF,,,
,,,,,,,,,,,,,37435-70467:Andy Jones,37435-70467,WR,Andy,Andy Jones,Jones,3.9,5,4500,DET@ARI,DET,ARI,,,
,,,,,,,,,,,,,37435-55113:Shaun Wilson,37435-55113,RB,Shaun,Shaun Wilson,Wilson,0.980000019,5,4500,WAS@PHI,WAS,PHI,IR,Ankle,
,,,,,,,,,,,,,37435-64333:Nyqwan Murray,37435-64333,WR,Nyqwan,Nyqwan Murray,Murray,0,0,4500,CIN@SEA,SEA,CIN,,,
,,,,,,,,,,,,,37435-41806:Laquon Treadwell,37435-41806,WR,Laquon,Laquon Treadwell,Treadwell,3.580000051,15,4500,ATL@MIN,MIN,ATL,,,
,,,,,,,,,,,,,37435-64339:Auden Tate,37435-64339,WR,Auden,Auden Tate,Tate,1.375,4,4500,CIN@SEA,CIN,SEA,D,Knee,
,,,,,,,,,,,,,37435-28502:Devin Smith,37435-28502,WR,Devin,Devin Smith,Smith,0,0,4500,NYG@DAL,DAL,NYG,,,
,,,,,,,,,,,,,37435-61273:Scotty Miller,37435-61273,WR,Scotty,Scotty Miller,Miller,0,0,4500,SF@TB,TB,SF,,,
,,,,,,,,,,,,,37435-26458:Tavon Austin,37435-26458,WR,Tavon,Tavon Austin,Austin,5.071428571,7,4500,NYG@DAL,DAL,NYG,,,
,,,,,,,,,,,,,37435-58202:Ryan Yurachek,37435-58202,RB,Ryan,Ryan Yurachek,Yurachek,0,0,4500,NYG@DAL,DAL,NYG,,,
,,,,,,,,,,,,,37435-56155:Jordan Ellis,37435-56155,RB,Jordan,Jordan Ellis,Ellis,0,0,4500,CIN@SEA,CIN,SEA,,,
,,,,,,,,,,,,,37435-104282:Wes Hills,37435-104282,RB,Wes,Wes Hills,Hills,0,0,4500,DET@ARI,ARI,DET,,,
,,,,,,,,,,,,,37435-104284:Bruce Anderson III,37435-104284,RB,Bruce,Bruce Anderson III,Anderson III,0,0,4500,SF@TB,TB,SF,,,
,,,,,,,,,,,,,37435-64350:Jeff Smith,37435-64350,WR,Jeff,Jeff Smith,Smith,0,0,4500,BUF@NYJ,NYJ,BUF,,,
,,,,,,,,,,,,,37435-63330:Mike Weber,37435-63330,RB,Mike,Mike Weber,Weber,0,0,4500,NYG@DAL,DAL,NYG,,,
,,,,,,,,,,,,,37435-70501:C.J. Ham,37435-70501,RB,C.J.,C.J. Ham,Ham,1.480000019,10,4500,ATL@MIN,MIN,ATL,,,
,,,,,,,,,,,,,37435-64357:Michael Walker,37435-64357,WR,Michael,Michael Walker,Walker,0,0,4500,KC@JAC,JAC,KC,,,
,,,,,,,,,,,,,37435-104297:Jason Moore,37435-104297,WR,Jason,Jason Moore,Moore,0,0,4500,IND@LAC,LAC,IND,,,
,,,,,,,,,,,,,37435-55146:Tyre Brady,37435-55146,WR,Tyre,Tyre Brady,Brady,0,0,4500,KC@JAC,JAC,KC,,,
,,,,,,,,,,,,,37435-15212:Terrelle Pryor Sr.,37435-15212,WR,Terrelle,Terrelle Pryor Sr.,Pryor Sr.,5.637499809,8,4500,KC@JAC,JAC,KC,,,
,,,,,,,,,,,,,37435-28525:Braxton Miller,37435-28525,WR,Braxton,Braxton Miller,Miller,0,0,4500,TEN@CLE,CLE,TEN,,,
,,,,,,,,,,,,,37435-62329:Alex Barnes,37435-62329,RB,Alex,Alex Barnes,Barnes,0,0,4500,TEN@CLE,TEN,CLE,,,
,,,,,,,,,,,,,37435-28545:Rod Smith,37435-28545,RB,Rod,Rod Smith,Smith,2.246153905,13,4500,NYG@DAL,NYG,DAL,IR,Groin,
,,,,,,,,,,,,,37435-41857:Dalyn Dawkins,37435-41857,RB,Dalyn,Dalyn Dawkins,Dawkins,0,0,4500,TEN@CLE,TEN,CLE,,,
,,,,,,,,,,,,,37435-39818:Wayne Gallman Jr.,37435-39818,RB,Wayne,Wayne Gallman Jr.,Gallman Jr.,2.884615385,13,4500,NYG@DAL,NYG,DAL,,,
,,,,,,,,,,,,,37435-56203:Jon Hilliman,37435-56203,RB,Jon,Jon Hilliman,Hilliman,0,0,4500,NYG@DAL,NYG,DAL,,,
,,,,,,,,,,,,,37435-45964:Marcus Kemp,37435-45964,WR,Marcus,Marcus Kemp,Kemp,0.600000024,2,4500,KC@JAC,KC,JAC,IR,Knee,
,,,,,,,,,,,,,37435-30605:K.J. Brent,37435-30605,WR,K.J.,K.J. Brent,Brent,0,0,4500,SF@TB,TB,SF,IR,Undisclosed,
,,,,,,,,,,,,,37435-103319:Damon Sheehy-Guiseppi,37435-103319,WR,Damon,Damon Sheehy-Guiseppi,Sheehy-Guiseppi,0,0,4500,TEN@CLE,CLE,TEN,,,
,,,,,,,,,,,,,37435-63387:Jayson Stanley,37435-63387,WR,Jayson,Jayson Stanley,Stanley,0,0,4500,ATL@MIN,ATL,MIN,,,
,,,,,,,,,,,,,37435-53148:Jalin Moore,37435-53148,RB,Jalin,Jalin Moore,Moore,0,0,4500,BUF@NYJ,NYJ,BUF,O,Ankle,
,,,,,,,,,,,,,37435-63399:Terry Godwin,37435-63399,WR,Terry,Terry Godwin,Godwin,0,0,4500,LAR@CAR,CAR,LAR,,,
,,,,,,,,,,,,,37435-56232:Jamal Custis,37435-56232,WR,Jamal,Jamal Custis,Custis,0,0,4500,KC@JAC,KC,JAC,,,
,,,,,,,,,,,,,37435-25513:Darius Jennings,37435-25513,WR,Darius,Darius Jennings,Jennings,1.617142814,14,4500,TEN@CLE,TEN,CLE,,,
,,,,,,,,,,,,,37435-56233:Steve Ishmael,37435-56233,WR,Steve,Steve Ishmael,Ishmael,0,0,4500,IND@LAC,IND,LAC,IR,Knee,
,,,,,,,,,,,,,37435-54186:A.J. Richardson,37435-54186,WR,A.J.,A.J. Richardson,Richardson,0,0,4500,DET@ARI,ARI,DET,,,
,,,,,,,,,,,,,37435-69558:Greg Dortch,37435-69558,WR,Greg,Greg Dortch,Dortch,0,0,4500,BUF@NYJ,NYJ,BUF,,,
,,,,,,,,,,,,,37435-55224:Reggie Bonnafon,37435-55224,RB,Reggie,Reggie Bonnafon,Bonnafon,0,0,4500,LAR@CAR,CAR,LAR,,,
,,,,,,,,,,,,,37435-56248:Noah Brown,37435-56248,WR,Noah,Noah Brown,Brown,1.580000019,5,4500,NYG@DAL,DAL,NYG,NA,Knee,
,,,,,,,,,,,,,37435-43961:Tyler Ervin,37435-43961,RB,Tyler,Tyler Ervin,Ervin,0.555555556,9,4500,KC@JAC,JAC,KC,,,
,,,,,,,,,,,,,37435-103352:Christian Wade,37435-103352,RB,Christian,Christian Wade,Wade,0,0,4500,BUF@NYJ,BUF,NYJ,,,
,,,,,,,,,,,,,37435-56250:Terry McLaurin,37435-56250,WR,Terry,Terry McLaurin,McLaurin,0,0,4500,WAS@PHI,WAS,PHI,,,
,,,,,,,,,,,,,37435-32703:Jakeem Grant,37435-32703,WR,Jakeem,Jakeem Grant,Grant,6.179999924,10,4500,BAL@MIA,MIA,BAL,,,
,,,,,,,,,,,,,37435-104388:Tom Kennedy,37435-104388,WR,Tom,Tom Kennedy,Kennedy,0,0,4500,DET@ARI,DET,ARI,,,
,,,,,,,,,,,,,37435-103366:Valentine Holmes,37435-103366,RB,Valentine,Valentine Holmes,Holmes,0,0,4500,BUF@NYJ,NYJ,BUF,,,
,,,,,,,,,,,,,37435-69581:Cedrick Wilson,37435-69581,WR,Cedrick,Cedrick Wilson,Wilson,0,0,4500,NYG@DAL,DAL,NYG,,,
,,,,,,,,,,,,,37435-14288:Torrey Smith,37435-14288,WR,Torrey,Torrey Smith,Smith,5.1875,8,4500,LAR@CAR,CAR,LAR,,,
,,,,,,,,,,,,,37435-56273:Nick Scott,37435-56273,RB,Nick,Nick Scott,Scott,0,0,4500,LAR@CAR,LAR,CAR,,,
,,,,,,,,,,,,,37435-64467:Dontae Strickland,37435-64467,RB,Dontae,Dontae Strickland,Strickland,0,0,4500,DET@ARI,ARI,DET,,,
,,,,,,,,,,,,,37435-30678:Damiere Byrd,37435-30678,WR,Damiere,Damiere Byrd,Byrd,0.185714279,7,4500,DET@ARI,ARI,DET,,,
,,,,,,,,,,,,,37435-63447:Penny Hart,37435-63447,WR,Penny,Penny Hart,Hart,0,0,4500,IND@LAC,IND,LAC,IR,Undisclosed,
,,,,,,,,,,,,,37435-41954:Victor Bolden Jr.,37435-41954,WR,Victor,Victor Bolden Jr.,Bolden Jr.,0.5,3,4500,BUF@NYJ,BUF,NYJ,,,
,,,,,,,,,,,,,37435-40932:Pharoh Cooper,37435-40932,WR,Pharoh,Pharoh Cooper,Cooper,0,7,4500,CIN@SEA,CIN,SEA,,,
,,,,,,,,,,,,,37435-72676:Troymaine Pope,37435-72676,RB,Troymaine,Troymaine Pope,Pope,0,0,4500,IND@LAC,LAC,IND,,,
,,,,,,,,,,,,,37435-104424:Craig Reynolds,37435-104424,RB,Craig,Craig Reynolds,Reynolds,0,0,4500,WAS@PHI,WAS,PHI,,,
,,,,,,,,,,,,,37435-65518:John Ursua,37435-65518,WR,John,John Ursua,Ursua,0,0,4500,CIN@SEA,SEA,CIN,,,
,,,,,,,,,,,,,37435-14320:Bilal Powell,37435-14320,RB,Bilal,Bilal Powell,Powell,7.82857132,7,4500,BUF@NYJ,NYJ,BUF,,,
,,,,,,,,,,,,,37435-64496:Olamide Zaccheaus,37435-64496,WR,Olamide,Olamide Zaccheaus,Zaccheaus,0,0,4500,ATL@MIN,ATL,MIN,,,
,,,,,,,,,,,,,37435-63475:Quadree Henderson,37435-63475,WR,Quadree,Quadree Henderson,Henderson,0,5,4500,KC@JAC,JAC,KC,,,
,,,,,,,,,,,,,37435-14327:Anthony Sherman,37435-14327,RB,Anthony,Anthony Sherman,Sherman,2.474999905,8,4500,KC@JAC,KC,JAC,,,
,,,,,,,,,,,,,37435-63479:John Kelly,37435-63479,RB,John,John Kelly,Kelly,3.700000127,3,4500,LAR@CAR,LAR,CAR,,,
,,,,,,,,,,,,,37435-39930:Reggie Davis,37435-39930,WR,Reggie,Reggie Davis,Davis,0,0,4500,NYG@DAL,DAL,NYG,,,
,,,,,,,,,,,,,37435-12538:Los Angeles Rams,37435-12538,D,Los Angeles,Los Angeles Rams,Rams,9.625,16,4400,LAR@CAR,LAR,CAR,,,
,,,,,,,,,,,,,37435-64031:Hayden Hurst,37435-64031,TE,Hayden,Hayden Hurst,Hurst,3.199999915,9,4400,BAL@MIA,BAL,MIA,,,
,,,,,,,,,,,,,37435-12529:Cleveland Browns,37435-12529,D,Cleveland,Cleveland Browns,Browns,6.375,16,4300,TEN@CLE,CLE,TEN,,,
,,,,,,,,,,,,,37435-12540:Minnesota Vikings,37435-12540,D,Minnesota,Minnesota Vikings,Vikings,7.8125,16,4300,ATL@MIN,MIN,ATL,,,
,,,,,,,,,,,,,37435-26038:Tyler Kroft,37435-26038,TE,Tyler,Tyler Kroft,Kroft,1.119999981,5,4300,BUF@NYJ,BUF,NYJ,D,Foot,
,,,,,,,,,,,,,37435-31207:C.J. Uzomah,37435-31207,TE,C.J.,C.J. Uzomah,Uzomah,5.212500095,16,4300,CIN@SEA,CIN,SEA,,,
,,,,,,,,,,,,,37435-14362:Charles Clay,37435-14362,TE,Charles,Charles Clay,Clay,2.445454511,11,4200,DET@ARI,ARI,DET,,,
,,,,,,,,,,,,,37435-12544:New York Jets,37435-12544,D,New York,New York Jets,Jets,6.8125,16,4200,BUF@NYJ,NYJ,BUF,,,
,,,,,,,,,,,,,37435-12532:Detroit Lions,37435-12532,D,Detroit,Detroit Lions,Lions,6.25,16,4100,DET@ARI,DET,ARI,,,
,,,,,,,,,,,,,37435-28346:Maxx Williams,37435-28346,TE,Maxx,Maxx Williams,Williams,3.233333376,9,4100,DET@ARI,ARI,DET,,,
,,,,,,,,,,,,,37435-14348:Lee Smith,37435-14348,TE,Lee,Lee Smith,Smith,5.049999873,6,4000,BUF@NYJ,BUF,NYJ,,,
,,,,,,,,,,,,,37435-23569:Rico Gathers,37435-23569,TE,Rico,Rico Gathers,Gathers,1,6,4000,TEN@CLE,CLE,TEN,O,Suspension,
,,,,,,,,,,,,,37435-72725:Irv Smith Jr.,37435-72725,TE,Irv,Irv Smith Jr.,Smith Jr.,0,0,4000,ATL@MIN,MIN,ATL,,,
,,,,,,,,,,,,,37435-28694:Jesse James,37435-28694,TE,Jesse,Jesse James,James,4.950000218,14,4000,DET@ARI,DET,ARI,,,
,,,,,,,,,,,,,37435-29725:Levine Toilolo,37435-29725,TE,Levine,Levine Toilolo,Toilolo,3.890909022,11,4000,SF@TB,SF,TB,,,
,,,,,,,,,,,,,37435-60451:Tyler Conklin,37435-60451,TE,Tyler,Tyler Conklin,Conklin,2.549999952,4,4000,ATL@MIN,MIN,ATL,Q,Ribs,
,,,,,,,,,,,,,37435-55336:Chris Herndon,37435-55336,TE,Chris,Chris Herndon,Herndon,6.692856925,14,4000,BUF@NYJ,NYJ,BUF,O,Suspension,
,,,,,,,,,,,,,37435-62505:MyCole Pruitt,37435-62505,TE,MyCole,MyCole Pruitt,Pruitt,2.957142966,7,4000,TEN@CLE,TEN,CLE,,,
,,,,,,,,,,,,,37435-62508:James O'Shaughnessy,37435-62508,TE,James,James O'Shaughnessy,O'Shaughnessy,2.385714395,14,4000,KC@JAC,JAC,KC,,,
,,,,,,,,,,,,,37435-62510:Nick Boyle,37435-62510,TE,Nick,Nick Boyle,Boyle,2.73333327,12,4000,BAL@MIA,BAL,MIA,,,
,,,,,,,,,,,,,37435-64563:Hale Hentges,37435-64563,TE,Hale,Hale Hentges,Hentges,0,0,4000,IND@LAC,IND,LAC,,,
,,,,,,,,,,,,,37435-14394:Virgil Green,37435-14394,TE,Virgil,Virgil Green,Green,2.807692308,13,4000,IND@LAC,LAC,IND,,,
,,,,,,,,,,,,,37435-42046:Durham Smythe,37435-42046,TE,Durham,Durham Smythe,Smythe,1,8,4000,BAL@MIA,MIA,BAL,,,
,,,,,,,,,,,,,37435-30800:Jason Croom,37435-30800,TE,Jason,Jason Croom,Croom,3.453846271,13,4000,BUF@NYJ,BUF,NYJ,IR,Hamstring,
,,,,,,,,,,,,,37435-71767:Caleb Wilson,37435-71767,TE,Caleb,Caleb Wilson,Wilson,0,0,4000,DET@ARI,ARI,DET,,,
,,,,,,,,,,,,,37435-42077:James Winchester,37435-42077,TE,James,James Winchester,Winchester,0,0,4000,KC@JAC,KC,JAC,,,
,,,,,,,,,,,,,37435-46177:David Wells,37435-46177,TE,David,David Wells,Wells,0,0,4000,KC@JAC,KC,JAC,,,
,,,,,,,,,,,,,37435-29805:Ryan Hewitt,37435-29805,TE,Ryan,Ryan Hewitt,Hewitt,3.299999952,2,4000,TEN@CLE,TEN,CLE,,,
,,,,,,,,,,,,,37435-71806:Kaden Smith,37435-71806,TE,Kaden,Kaden Smith,Smith,0,0,4000,SF@TB,SF,TB,,,
,,,,,,,,,,,,,37435-58499:Parker Hesse,37435-58499,TE,Parker,Parker Hesse,Hesse,0,0,4000,TEN@CLE,TEN,CLE,,,
,,,,,,,,,,,,,37435-28807:Gabe Holmes,37435-28807,TE,Gabe,Gabe Holmes,Holmes,0,0,4000,IND@LAC,IND,LAC,,,
,,,,,,,,,,,,,37435-80011:Antony Auclair,37435-80011,TE,Antony,Antony Auclair,Auclair,1.185714313,7,4000,SF@TB,TB,SF,,,
,,,,,,,,,,,,,37435-29854:Kevin McDermott,37435-29854,TE,Kevin,Kevin McDermott,McDermott,0,0,4000,ATL@MIN,MIN,ATL,,,
,,,,,,,,,,,,,37435-83117:Tanner Hudson,37435-83117,TE,Tanner,Tanner Hudson,Hudson,0,0,4000,SF@TB,TB,SF,,,
,,,,,,,,,,,,,37435-25775:Clive Walford,37435-25775,TE,Clive,Clive Walford,Walford,0,0,4000,BAL@MIA,MIA,BAL,,,
,,,,,,,,,,,,,37435-32957:Eric Tomlinson,37435-32957,TE,Eric,Eric Tomlinson,Tomlinson,1.399999976,8,4000,NYG@DAL,NYG,DAL,,,
,,,,,,,,,,,,,37435-83138:Ross Dwelley,37435-83138,TE,Ross,Ross Dwelley,Dwelley,1.200000048,2,4000,SF@TB,SF,TB,,,
,,,,,,,,,,,,,37435-28868:Austin Traylor,37435-28868,TE,Austin,Austin Traylor,Traylor,0,0,4000,DET@ARI,DET,ARI,,,
,,,,,,,,,,,,,37435-57556:Jerome Cunningham,37435-57556,TE,Jerome,Jerome Cunningham,Cunningham,0,1,4000,DET@ARI,DET,ARI,,,
,,,,,,,,,,,,,37435-11488:Ed Dickson,37435-11488,TE,Ed,Ed Dickson,Dickson,4.35555564,9,4000,CIN@SEA,SEA,CIN,IR,Knee,
,,,,,,,,,,,,,37435-22754:Garrett Celek,37435-22754,TE,Garrett,Garrett Celek,Celek,3.916666667,6,4000,SF@TB,SF,TB,NA,Back,
,,,,,,,,,,,,,37435-12526:Buffalo Bills,37435-12526,D,Buffalo,Buffalo Bills,Bills,6.6875,16,4000,BUF@NYJ,BUF,NYJ,,,
,,,,,,,,,,,,,37435-52463:Daniel Helm,37435-52463,TE,Daniel,Daniel Helm,Helm,0,0,4000,SF@TB,SF,TB,,,
,,,,,,,,,,,,,37435-24817:Nick O'Leary,37435-24817,TE,Nick,Nick O'Leary,O'Leary,3.720000076,5,4000,BAL@MIA,MIA,BAL,,,
,,,,,,,,,,,,,37435-52468:Ethan Wolf,37435-52468,TE,Ethan,Ethan Wolf,Wolf,0,0,4000,KC@JAC,JAC,KC,,,
,,,,,,,,,,,,,37435-41210:Matt Flanagan,37435-41210,TE,Matt,Matt Flanagan,Flanagan,0.949999988,2,4000,WAS@PHI,WAS,PHI,IR,Undisclosed,
,,,,,,,,,,,,,37435-12548:Los Angeles Chargers,37435-12548,D,Los Angeles,Los Angeles Chargers,Chargers,7.375,16,4000,IND@LAC,LAC,IND,,,
,,,,,,,,,,,,,37435-29956:Joshua Perkins,37435-29956,TE,Joshua,Joshua Perkins,Perkins,3.066666603,3,4000,WAS@PHI,PHI,WAS,,,
,,,,,,,,,,,,,37435-24847:Will Tye,37435-24847,TE,Will,Will Tye,Tye,0,0,4000,WAS@PHI,PHI,WAS,,,
,,,,,,,,,,,,,37435-83220:Nick Keizer,37435-83220,TE,Nick,Nick Keizer,Keizer,0,0,4000,KC@JAC,KC,JAC,,,
,,,,,,,,,,,,,37435-34073:Ryan Griffin,37435-34073,TE,Ryan,Ryan Griffin,Griffin,3.269230769,13,4000,BUF@NYJ,NYJ,BUF,,,
,,,,,,,,,,,,,37435-62775:Jackson Harris,37435-62775,TE,Jackson,Jackson Harris,Harris,0,0,4000,CIN@SEA,SEA,CIN,,,
,,,,,,,,,,,,,37435-41287:Cole Hunt,37435-41287,TE,Cole,Cole Hunt,Hunt,0,0,4000,LAR@CAR,CAR,LAR,,,
,,,,,,,,,,,,,37435-48482:David Morgan,37435-48482,TE,David,David Morgan,Morgan,1.219999981,5,4000,ATL@MIN,MIN,ATL,NA,Knee,
,,,,,,,,,,,,,37435-25957:J.P. Holtz,37435-25957,TE,J.P.,J.P. Holtz,Holtz,0,0,4000,WAS@PHI,WAS,PHI,,,
,,,,,,,,,,,,,37435-56708:Will Dissly,37435-56708,TE,Will,Will Dissly,Dissly,7.900000095,4,4000,CIN@SEA,SEA,CIN,,,
,,,,,,,,,,,,,37435-56711:Drew Sample,37435-56711,TE,Drew,Drew Sample,Sample,0,0,4000,CIN@SEA,CIN,SEA,,,
,,,,,,,,,,,,,37435-80294:Anthony Firkser,37435-80294,TE,Anthony,Anthony Firkser,Firkser,4.75,8,4000,TEN@CLE,TEN,CLE,,,
,,,,,,,,,,,,,37435-42414:Michael Colubiale,37435-42414,TE,Michael,Michael Colubiale,Colubiale,0,0,4000,KC@JAC,JAC,KC,,,
,,,,,,,,,,,,,37435-40371:Johnny Mundt,37435-40371,TE,Johnny,Johnny Mundt,Mundt,1,1,4000,LAR@CAR,LAR,CAR,,,
,,,,,,,,,,,,,37435-47551:Mason Schreck,37435-47551,TE,Mason,Mason Schreck,Schreck,0,0,4000,CIN@SEA,CIN,SEA,,,
,,,,,,,,,,,,,37435-31169:Jeremy Sprinkle,37435-31169,TE,Jeremy,Jeremy Sprinkle,Sprinkle,2.100000064,6,4000,WAS@PHI,WAS,PHI,,,
,,,,,,,,,,,,,37435-54742:Scott Simonson,37435-54742,TE,Scott,Scott Simonson,Simonson,2.387500048,8,4000,NYG@DAL,NYG,DAL,IR,Ankle,
,,,,,,,,,,,,,37435-103894:Keenen Brown,37435-103894,TE,Keenen,Keenen Brown,Brown,0,0,4000,LAR@CAR,LAR,CAR,,,
,,,,,,,,,,,,,37435-84440:Jaeden Graham,37435-84440,TE,Jaeden,Jaeden Graham,Graham,0,0,4000,ATL@MIN,ATL,MIN,,,
,,,,,,,,,,,,,37435-103900:Brandon Dillon,37435-103900,TE,Brandon,Brandon Dillon,Dillon,0,0,4000,ATL@MIN,MIN,ATL,,,
,,,,,,,,,,,,,37435-62942:Justin Johnson,37435-62942,TE,Justin,Justin Johnson,Johnson,0,0,4000,CIN@SEA,SEA,CIN,IR,Achilles,
,,,,,,,,,,,,,37435-14816:Kyle Nelson,37435-14816,TE,Kyle,Kyle Nelson,Nelson,0,0,4000,SF@TB,SF,TB,O,Suspension,
,,,,,,,,,,,,,37435-80352:Billy Brown,37435-80352,TE,Billy,Billy Brown,Brown,0,0,4000,IND@LAC,IND,LAC,IR,Undisclosed,
,,,,,,,,,,,,,37435-103908:Drew Belcher,37435-103908,TE,Drew,Drew Belcher,Belcher,0,0,4000,DET@ARI,ARI,DET,,,
,,,,,,,,,,,,,37435-27117:Sean Culkin,37435-27117,TE,Sean,Sean Culkin,Culkin,2.900000095,1,4000,IND@LAC,LAC,IND,,,
,,,,,,,,,,,,,37435-22004:Dwayne Allen,37435-22004,TE,Dwayne,Dwayne Allen,Allen,1.399999936,3,4000,BAL@MIA,MIA,BAL,,,
,,,,,,,,,,,,,37435-41469:Darrell Daniels,37435-41469,TE,Darrell,Darrell Daniels,Daniels,0,2,4000,DET@ARI,ARI,DET,,,
,,,,,,,,,,,,,37435-40477:Keith Towbridge,37435-40477,TE,Keith,Keith Towbridge,Towbridge,0,0,4000,BUF@NYJ,BUF,NYJ,,,
,,,,,,,,,,,,,37435-22065:Rhett Ellison,37435-22065,TE,Rhett,Rhett Ellison,Ellison,3.669230828,13,4000,NYG@DAL,NYG,DAL,,,
,,,,,,,,,,,,,37435-52795:Charles Jones,37435-52795,TE,Charles,Charles Jones,Jones,0,0,4000,KC@JAC,JAC,KC,,,
,,,,,,,,,,,,,37435-61004:Jerome Washington,37435-61004,TE,Jerome,Jerome Washington,Washington,0,0,4000,DET@ARI,ARI,DET,,,
,,,,,,,,,,,,,37435-104019:Matt Orzech,37435-104019,TE,Matt,Matt Orzech,Orzech,0,0,4000,KC@JAC,JAC,KC,,,
,,,,,,,,,,,,,37435-55895:Kendall Blanton,37435-55895,TE,Kendall,Kendall Blanton,Blanton,0,0,4000,LAR@CAR,LAR,CAR,,,
,,,,,,,,,,,,,37435-18009:Chris Manhertz,37435-18009,TE,Chris,Chris Manhertz,Manhertz,4.066666603,3,4000,LAR@CAR,CAR,LAR,,,
,,,,,,,,,,,,,37435-56925:Charles Scarff,37435-56925,TE,Charles,Charles Scarff,Scarff,0,0,4000,BAL@MIA,BAL,MIA,,,
,,,,,,,,,,,,,37435-80486:Alex Gray,37435-80486,TE,Alex,Alex Gray,Gray,0,0,4000,ATL@MIN,ATL,MIN,IR,Undisclosed,
,,,,,,,,,,,,,37435-56947:Chris Myarick,37435-56947,TE,Chris,Chris Myarick,Myarick,0,0,4000,BAL@MIA,MIA,BAL,,,
,,,,,,,,,,,,,37435-38528:Tyrone Swoopes,37435-38528,TE,Tyrone,Tyrone Swoopes,Swoopes,2.799999952,1,4000,CIN@SEA,SEA,CIN,,,
,,,,,,,,,,,,,37435-29314:Richard Rodgers,37435-29314,TE,Richard,Richard Rodgers,Rodgers,1.200000048,1,4000,WAS@PHI,PHI,WAS,IR,Foot,
,,,,,,,,,,,,,37435-62119:C.J. Conrad,37435-62119,TE,C.J.,C.J. Conrad,Conrad,0,0,4000,NYG@DAL,NYG,DAL,,,
,,,,,,,,,,,,,37435-47788:Deon Yelder,37435-47788,TE,Deon,Deon Yelder,Yelder,0,0,4000,KC@JAC,KC,JAC,,,
,,,,,,,,,,,,,37435-62127:Cole Hikutini,37435-62127,TE,Cole,Cole Hikutini,Hikutini,0,0,4000,NYG@DAL,DAL,NYG,,,
,,,,,,,,,,,,,37435-70335:Seth DeValve,37435-70335,TE,Seth,Seth DeValve,DeValve,3.179999924,5,4000,KC@JAC,JAC,KC,,,
,,,,,,,,,,,,,37435-70342:Temarrick Hemingway,37435-70342,TE,Temarrick,Temarrick Hemingway,Hemingway,0,0,4000,LAR@CAR,CAR,LAR,,,
,,,,,,,,,,,,,37435-16078:Ross Travis,37435-16078,TE,Ross,Ross Travis,Travis,0,0,4000,IND@LAC,IND,LAC,,,
,,,,,,,,,,,,,37435-69326:Isaac Nauta,37435-69326,TE,Isaac,Isaac Nauta,Nauta,0,0,4000,DET@ARI,DET,ARI,,,
,,,,,,,,,,,,,37435-6870:Vernon Davis,37435-6870,TE,Vernon,Vernon Davis,Davis,4.86153852,13,4000,WAS@PHI,WAS,PHI,,,
,,,,,,,,,,,,,37435-29411:Pharaoh Brown,37435-29411,TE,Pharaoh,Pharaoh Brown,Brown,0,0,4000,TEN@CLE,CLE,TEN,,,
,,,,,,,,,,,,,37435-26355:Logan Thomas,37435-26355,TE,Logan,Logan Thomas,Thomas,1.787500024,8,4000,DET@ARI,DET,ARI,,,
,,,,,,,,,,,,,37435-40697:Bucky Hodges,37435-40697,TE,Bucky,Bucky Hodges,Hodges,0,0,4000,BUF@NYJ,NYJ,BUF,O,Undisclosed,
,,,,,,,,,,,,,37435-33531:Ben Koyack,37435-33531,TE,Ben,Ben Koyack,Koyack,0,0,4000,KC@JAC,JAC,KC,,,
,,,,,,,,,,,,,37435-47870:Tyler Higbee,37435-47870,TE,Tyler,Tyler Higbee,Higbee,3.800000054,14,4000,LAR@CAR,LAR,CAR,,,
,,,,,,,,,,,,,37435-54015:Tyree Mayfield,37435-54015,TE,Tyree,Tyree Mayfield,Mayfield,0,0,4000,SF@TB,SF,TB,,,
,,,,,,,,,,,,,37435-55042:Dalton Schultz,37435-55042,TE,Dalton,Dalton Schultz,Schultz,2.200000048,8,4000,NYG@DAL,DAL,NYG,,,
,,,,,,,,,,,,,37435-27403:Blake Bell,37435-27403,TE,Blake,Blake Bell,Bell,1.337499976,8,4000,KC@JAC,KC,JAC,,,
,,,,,,,,,,,,,37435-70457:Cole Wick,37435-70457,TE,Cole,Cole Wick,Wick,0,1,4000,TEN@CLE,TEN,CLE,,,
,,,,,,,,,,,,,37435-70458:Jason Vander Laan,37435-70458,TE,Jason,Jason Vander Laan,Vander Laan,0,0,4000,LAR@CAR,CAR,LAR,,,
,,,,,,,,,,,,,37435-38722:Cethan Carter,37435-38722,TE,Cethan,Cethan Carter,Carter,0,0,4000,CIN@SEA,CIN,SEA,,,
,,,,,,,,,,,,,37435-104278:Donald Parham Jr.,37435-104278,TE,Donald,Donald Parham Jr.,Parham Jr.,0,0,4000,WAS@PHI,WAS,PHI,,,
,,,,,,,,,,,,,37435-104287:Isaiah Searight,37435-104287,TE,Isaiah,Isaiah Searight,Searight,0,0,4000,NYG@DAL,NYG,DAL,,,
,,,,,,,,,,,,,37435-55153:Garrett Dickerson,37435-55153,TE,Garrett,Garrett Dickerson,Dickerson,0,0,4000,NYG@DAL,NYG,DAL,O,Quadriceps,
,,,,,,,,,,,,,37435-55172:Cole Herdman,37435-55172,TE,Cole,Cole Herdman,Herdman,0,0,4000,BAL@MIA,BAL,MIA,,,
,,,,,,,,,,,,,37435-39814:Jordan Leggett,37435-39814,TE,Jordan,Jordan Leggett,Leggett,1.876923048,13,4000,SF@TB,TB,SF,,,
,,,,,,,,,,,,,37435-27527:Blake Jarwin,37435-27527,TE,Blake,Blake Jarwin,Jarwin,4.784615443,13,4000,NYG@DAL,DAL,NYG,,,
,,,,,,,,,,,,,37435-19342:Demetrius Harris,37435-19342,TE,Demetrius,Demetrius Harris,Harris,4.040000153,10,4000,TEN@CLE,CLE,TEN,,,
,,,,,,,,,,,,,37435-56212:Tommy Sweeney,37435-56212,TE,Tommy,Tommy Sweeney,Sweeney,0,0,4000,BUF@NYJ,BUF,NYJ,,,
,,,,,,,,,,,,,37435-38805:Marcus Baugh,37435-38805,TE,Marcus,Marcus Baugh,Baugh,0,0,4000,LAR@CAR,CAR,LAR,IR,Undisclosed,
,,,,,,,,,,,,,37435-86944:Mik'Quan Deane,37435-86944,TE,Mik'Quan,Mik'Quan Deane,Deane,0,0,4000,TEN@CLE,CLE,TEN,,,
,,,,,,,,,,,,,37435-55209:Nate Becker,37435-55209,TE,Nate,Nate Becker,Becker,0,0,4000,BUF@NYJ,BUF,NYJ,,,
,,,,,,,,,,,,,37435-24533:Mo Alie-Cox,37435-24533,TE,Mo,Mo Alie-Cox,Alie-Cox,3.199999915,9,4000,IND@LAC,IND,LAC,,,
,,,,,,,,,,,,,37435-43993:Andrew Vollert,37435-43993,TE,Andrew,Andrew Vollert,Vollert,0,0,4000,IND@LAC,LAC,IND,,,
,,,,,,,,,,,,,37435-55258:Romello Brooker,37435-55258,TE,Romello,Romello Brooker,Brooker,0,0,4000,LAR@CAR,LAR,CAR,,,
,,,,,,,,,,,,,37435-54239:Matt Sokol,37435-54239,TE,Matt,Matt Sokol,Sokol,0,0,4000,IND@LAC,LAC,IND,,,
,,,,,,,,,,,,,37435-14304:Luke Stocker,37435-14304,TE,Luke,Luke Stocker,Stocker,3,12,4000,ATL@MIN,ATL,MIN,,,
,,,,,,,,,,,,,37435-41964:Vince Mayle,37435-41964,TE,Vince,Vince Mayle,Mayle,0,0,4000,IND@LAC,LAC,IND,IR,Undisclosed,
,,,,,,,,,,,,,37435-57325:Jordan Franks,37435-57325,TE,Jordan,Jordan Franks,Franks,1.566666603,3,4000,CIN@SEA,CIN,SEA,,,
,,,,,,,,,,,,,37435-48116:Jonnu Smith,37435-48116,TE,Jonnu,Jonnu Smith,Smith,4.890909022,11,4000,TEN@CLE,TEN,CLE,,,
,,,,,,,,,,,,,37435-104447:Jody Fortson,37435-104447,TE,Jody,Jody Fortson,Fortson,0,0,4000,KC@JAC,KC,JAC,,,
,,,,,,,,,,,,,37435-12536:Kansas City Chiefs,37435-12536,D,Kansas City,Kansas City Chiefs,Chiefs,8.25,16,3900,KC@JAC,KC,JAC,,,
,,,,,,,,,,,,,37435-12554:Jacksonville Jaguars,37435-12554,D,Jacksonville,Jacksonville Jaguars,Jaguars,7.1875,16,3900,KC@JAC,JAC,KC,,,
,,,,,,,,,,,,,37435-12534:Tennessee Titans,37435-12534,D,Tennessee,Tennessee Titans,Titans,7.4375,16,3700,TEN@CLE,TEN,CLE,,,
,,,,,,,,,,,,,37435-12549:San Francisco 49ers,37435-12549,D,San Francisco,San Francisco 49ers,49ers,3.625,16,3700,SF@TB,SF,TB,,,
,,,,,,,,,,,,,37435-12535:Indianapolis Colts,37435-12535,D,Indianapolis,Indianapolis Colts,Colts,7.5,16,3600,IND@LAC,IND,LAC,,,
,,,,,,,,,,,,,37435-12546:Arizona Cardinals,37435-12546,D,Arizona,Arizona Cardinals,Cardinals,6.5625,16,3600,DET@ARI,ARI,DET,,,
,,,,,,,,,,,,,37435-12525:Atlanta Falcons,37435-12525,D,Atlanta,Atlanta Falcons,Falcons,5.0625,16,3500,ATL@MIN,ATL,MIN,,,
,,,,,,,,,,,,,37435-12551:Tampa Bay Buccaneers,37435-12551,D,Tampa Bay,Tampa Bay Buccaneers,Buccaneers,4.25,16,3500,SF@TB,TB,SF,,,
,,,,,,,,,,,,,37435-12552:Washington Redskins,37435-12552,D,Washington,Washington Redskins,Redskins,7.5,16,3500,WAS@PHI,WAS,PHI,,,
,,,,,,,,,,,,,37435-12553:Carolina Panthers,37435-12553,D,Carolina,Carolina Panthers,Panthers,5.75,16,3500,LAR@CAR,CAR,LAR,,,
,,,,,,,,,,,,,37435-12543:New York Giants,37435-12543,D,New York,New York Giants,Giants,5.25,16,3400,NYG@DAL,NYG,DAL,,,
,,,,,,,,,,,,,37435-12528:Cincinnati Bengals,37435-12528,D,Cincinnati,Cincinnati Bengals,Bengals,5.5625,16,3100,CIN@SEA,CIN,SEA,,,
,,,,,,,,,,,,,37435-12539:Miami Dolphins,37435-12539,D,Miami,Miami Dolphins,Dolphins,7.5,16,3000,BAL@MIA,MIA,BAL,,,
